order_detail_id,order_id,pizza_id,quantity
1,783,12,1
2,3392,50,2
3,1946,29,1
4,3653,41,2
5,804,30,3
6,2999,13,2
7,1713,27,4
8,2452,17,3
9,3658,6,4
10,2987,8,1
11,3712,6,3
12,1413,45,1
13,3738,1,5
14,2754,27,1
15,1564,12,4
16,3409,50,1
17,1232,24,2
18,175,14,2
19,3520,39,1
20,1266,14,2
21,3307,13,5
22,2182,7,2
23,3210,10,1
24,635,4,2
25,1707,41,2
26,2529,24,4
27,2889,26,3
28,2534,14,3
29,2603,25,5
30,3849,34,4
31,3490,14,4
32,1256,23,5
33,675,12,1
34,2263,22,4
35,516,13,2
36,2745,26,4
37,2252,46,1
38,134,39,3
39,1757,43,2
40,1793,24,3
41,984,13,2
42,344,48,4
43,1106,49,3
44,1357,19,1
45,3282,42,5
46,2481,26,3
47,2985,13,2
48,1155,4,3
49,307,49,4
50,2291,40,4
51,3851,10,5
52,1332,21,3
53,1926,34,3
54,3615,21,1
55,119,7,3
56,1244,44,1
57,1788,15,3
58,544,18,5
59,55,2,2
60,3220,36,1
61,1200,29,3
62,1716,5,2
63,3870,32,2
64,2775,36,3
65,373,4,2
66,1923,41,1
67,1189,10,3
68,240,50,5
69,3231,17,3
70,1916,28,2
71,1390,29,3
72,3600,12,5
73,1470,8,4
74,2887,9,2
75,1944,29,1
76,1796,14,4
77,197,19,1
78,3998,30,3
79,2310,28,1
80,3552,44,5
81,3615,45,1
82,2407,15,1
83,366,10,1
84,1817,1,3
85,1177,8,2
86,873,6,2
87,1291,27,3
88,598,45,1
89,1330,33,3
90,3879,14,5
91,2423,4,1
92,3145,10,5
93,2681,21,1
94,1288,42,2
95,1692,16,3
96,904,29,4
97,2401,35,4
98,1909,23,1
99,1708,1,1
100,67,31,5
101,1933,17,4
102,970,9,3
103,506,50,3
104,1932,14,2
105,467,34,4
106,1483,12,5
107,2731,31,2
108,767,42,1
109,3570,9,4
110,880,18,2
111,3507,35,4
112,1807,38,1
113,1449,35,2
114,754,3,1
115,1610,3,3
116,2803,3,3
117,542,12,4
118,1813,6,2
119,1852,35,2
120,1472,19,3
121,2894,15,3
122,1172,1,3
123,2857,7,5
124,3263,15,3
125,2632,31,5
126,2330,31,3
127,642,35,1
128,3013,14,2
129,3496,21,2
130,2895,28,1
131,1707,6,1
132,2186,22,5
133,2717,24,4
134,3015,29,2
135,2834,39,1
136,1265,22,3
137,512,23,5
138,1509,49,4
139,3077,25,3
140,21,6,5
141,2944,9,5
142,1700,29,1
143,3673,11,2
144,889,6,3
145,2299,6,5
146,1243,35,2
147,1386,28,5
148,80,38,5
149,3279,26,5
150,2865,24,4
151,959,5,5
152,3191,3,3
153,494,4,2
154,1378,15,2
155,2120,2,5
156,1977,32,3
157,3682,11,3
158,1540,40,5
159,3179,28,2
160,2766,21,3
161,2556,29,3
162,1499,17,4
163,1748,40,3
164,3608,3,4
165,3203,42,5
166,3621,25,5
167,1259,9,4
168,2280,18,3
169,1788,37,1
170,2277,8,1
171,3479,24,1
172,1500,13,4
173,836,5,2
174,1660,11,3
175,314,34,1
176,3589,25,1
177,97,18,2
178,3530,27,3
179,3494,45,2
180,3265,23,5
181,3517,45,1
182,655,33,1
183,3112,50,1
184,2592,44,4
185,31,48,3
186,2737,19,1
187,3962,27,1
188,3228,8,2
189,1413,17,4
190,3529,38,1
191,1325,21,2
192,1772,34,3
193,973,23,2
194,3130,41,4
195,502,28,2
196,129,30,4
197,3635,3,4
198,1068,25,4
199,2098,4,2
200,344,42,5
201,1847,30,3
202,949,10,1
203,1737,25,4
204,419,30,5
205,407,4,2
206,2751,15,1
207,1536,27,4
208,1087,2,2
209,3894,47,3
210,941,8,4
211,2086,12,5
212,3058,40,3
213,2829,22,1
214,534,20,4
215,2145,44,4
216,598,23,2
217,802,13,3
218,3262,16,1
219,2162,22,4
220,3303,32,3
221,2893,1,2
222,1211,7,1
223,254,36,2
224,1849,6,1
225,1139,2,3
226,3361,16,3
227,516,29,2
228,398,36,5
229,3552,47,4
230,1437,21,5
231,2543,32,2
232,2079,50,5
233,1028,2,2
234,186,6,1
235,832,48,4
236,130,50,1
237,814,40,1
238,3553,21,1
239,1455,13,3
240,703,31,5
241,778,1,5
242,941,34,1
243,129,13,2
244,1528,16,4
245,2194,41,1
246,1547,26,3
247,1954,46,4
248,1149,12,5
249,1927,38,1
250,140,13,5
251,3183,36,5
252,3104,50,5
253,505,47,3
254,3880,44,2
255,1146,16,3
256,3821,3,2
257,3510,43,4
258,1352,29,1
259,3288,2,4
260,1758,21,2
261,1756,15,3
262,1374,9,2
263,276,38,5
264,1092,49,2
265,71,9,4
266,2586,4,2
267,87,24,2
268,3157,1,3
269,2770,6,5
270,2185,50,1
271,2087,4,3
272,645,28,1
273,3320,17,1
274,1944,45,4
275,1229,50,2
276,2104,3,3
277,3555,28,4
278,3961,37,2
279,1197,22,5
280,1524,12,1
281,1267,2,4
282,1438,43,2
283,2575,37,3
284,1794,27,5
285,1369,45,2
286,1328,23,5
287,3269,21,1
288,81,22,2
289,9,42,2
290,3626,34,5
291,1933,30,1
292,2517,13,5
293,649,17,5
294,2946,44,5
295,3777,25,4
296,2485,4,2
297,3990,32,3
298,506,7,3
299,172,33,1
300,3081,45,4
301,3695,6,1
302,1972,14,5
303,2436,13,2
304,2402,20,4
305,2541,3,3
306,2703,36,1
307,2266,43,1
308,2679,30,4
309,1197,7,2
310,3945,33,1
311,1072,45,5
312,2842,6,4
313,1616,33,3
314,3038,15,2
315,1778,37,2
316,420,49,4
317,1415,44,1
318,2864,41,5
319,1503,1,3
320,1793,44,4
321,2917,7,3
322,1439,29,5
323,3319,8,5
324,997,7,1
325,467,10,4
326,1482,17,2
327,2828,19,3
328,3836,30,4
329,2237,26,1
330,1502,36,1
331,2606,22,5
332,616,32,2
333,2010,19,3
334,678,36,1
335,2143,22,2
336,3063,13,1
337,1727,1,3
338,3162,31,3
339,96,48,1
340,3628,19,2
341,410,12,1
342,2080,13,5
343,3118,19,1
344,43,9,1
345,1194,25,2
346,3134,19,4
347,3731,29,2
348,685,8,3
349,130,50,1
350,1374,14,1
351,3505,24,1
352,144,28,4
353,133,37,2
354,2321,20,3
355,379,21,1
356,1469,40,2
357,3640,5,4
358,3033,5,1
359,3953,23,5
360,224,34,2
361,996,6,2
362,2113,15,3
363,2102,49,3
364,3306,6,2
365,3870,40,5
366,807,23,5
367,299,22,1
368,2255,22,2
369,1087,9,5
370,2042,20,2
371,3537,41,4
372,1555,41,5
373,2296,24,3
374,85,13,5
375,557,32,5
376,183,9,2
377,3299,2,5
378,953,19,4
379,1019,38,2
380,810,33,4
381,458,22,4
382,537,32,2
383,3650,49,4
384,1536,43,4
385,3294,35,3
386,2936,46,4
387,1960,20,2
388,1112,29,1
389,1669,33,2
390,138,49,2
391,1288,7,4
392,3130,44,4
393,2416,23,5
394,1857,21,2
395,1408,5,4
396,2935,8,4
397,2085,1,5
398,508,15,5
399,1173,4,2
400,3179,11,2
401,2570,33,1
402,3557,43,5
403,1590,34,4
404,240,26,5
405,904,5,2
406,1610,27,4
407,1535,9,5
408,2412,20,5
409,2490,25,5
410,84,36,3
411,1485,46,1
412,2568,13,1
413,3353,13,5
414,668,45,2
415,13,6,5
416,38,10,3
417,1873,44,3
418,3280,40,5
419,1662,16,2
420,3013,1,1
421,1708,50,2
422,890,1,2
423,2015,41,2
424,3880,35,5
425,693,49,2
426,1994,9,5
427,3107,26,3
428,91,27,4
429,2973,5,4
430,435,20,1
431,2370,33,2
432,2776,29,4
433,1030,3,4
434,1903,38,4
435,2862,43,2
436,2761,50,2
437,2644,13,5
438,47,29,3
439,3782,44,5
440,1296,47,5
441,3979,33,1
442,3822,45,4
443,1160,22,2
444,3720,34,5
445,2634,19,4
446,1131,2,1
447,3759,24,4
448,3954,21,1
449,2872,32,1
450,591,31,5
451,2335,36,4
452,2617,38,5
453,482,18,1
454,186,32,1
455,1154,40,1
456,472,2,2
457,1563,36,5
458,1912,33,3
459,1362,34,3
460,654,5,2
461,2533,47,2
462,924,46,5
463,2804,26,1
464,769,1,3
465,3500,27,4
466,3730,6,2
467,2836,12,1
468,3472,26,5
469,2049,29,4
470,2975,49,4
471,3842,11,1
472,2018,30,3
473,77,5,3
474,448,49,5
475,1016,42,3
476,3636,28,3
477,1770,4,4
478,2637,42,2
479,1494,5,2
480,1714,18,4
481,624,22,1
482,1530,11,3
483,1763,5,2
484,3092,5,3
485,2163,4,4
486,423,33,5
487,3440,13,3
488,3781,22,5
489,4,34,2
490,3813,39,1
491,1484,8,5
492,2402,6,5
493,2985,47,2
494,913,2,5
495,2468,7,1
496,3340,49,1
497,671,13,1
498,3133,34,2
499,435,14,5
500,3158,46,5
501,3403,27,5
502,2920,50,4
503,1811,17,5
504,3972,27,3
505,1528,11,2
506,3698,28,1
507,825,19,5
508,351,41,3
509,3328,25,4
510,1921,38,2
511,2419,29,5
512,670,44,4
513,894,36,2
514,1763,1,3
515,2785,32,5
516,2130,22,2
517,2632,36,3
518,291,32,1
519,784,27,3
520,2656,40,3
521,3591,49,1
522,3843,45,1
523,3167,17,5
524,2581,20,3
525,3864,46,3
526,1902,2,4
527,469,9,3
528,1486,50,5
529,1261,23,3
530,218,13,1
531,1279,10,4
532,2368,5,5
533,554,4,5
534,1598,48,3
535,1413,5,3
536,423,40,4
537,3364,47,5
538,1354,48,5
539,526,47,1
540,1071,6,3
541,3225,20,1
542,2388,4,3
543,2490,48,3
544,3867,46,1
545,3822,36,2
546,2073,49,2
547,2103,12,2
548,796,49,1
549,1140,20,5
550,2946,34,2
551,388,47,1
552,724,25,1
553,3801,9,2
554,1938,2,1
555,3247,8,1
556,744,19,2
557,1546,24,1
558,1797,36,4
559,1363,39,3
560,64,28,1
561,3589,21,4
562,2167,30,2
563,679,44,1
564,3292,14,1
565,3992,31,1
566,1661,5,4
567,1659,37,4
568,109,13,4
569,1011,44,5
570,2839,15,1
571,2299,18,5
572,965,50,5
573,829,21,4
574,2135,16,1
575,627,16,3
576,3180,44,4
577,2014,31,3
578,1639,48,1
579,2489,44,1
580,2768,42,4
581,2111,1,1
582,3791,38,5
583,3142,44,2
584,2801,39,4
585,3067,18,3
586,1386,21,3
587,2708,22,4
588,1976,8,1
589,277,38,1
590,3873,35,4
591,3504,17,3
592,3556,41,5
593,445,37,4
594,3007,25,2
595,3790,9,2
596,3860,30,3
597,1196,48,5
598,365,5,2
599,641,44,2
600,3226,33,1
601,2704,31,4
602,2526,9,3
603,3307,33,2
604,3120,21,1
605,1996,49,3
606,3005,5,2
607,1520,41,2
608,190,10,5
609,2680,28,1
610,2943,32,2
611,2237,5,4
612,471,26,4
613,2562,43,5
614,3314,10,1
615,2761,4,2
616,3427,12,1
617,450,39,4
618,86,21,5
619,2770,27,4
620,339,23,4
621,3086,48,5
622,3186,6,3
623,3773,30,2
624,507,44,2
625,1114,1,5
626,3577,8,4
627,1224,10,1
628,3532,37,1
629,2078,31,3
630,1574,34,5
631,1360,10,3
632,3695,2,2
633,1099,26,3
634,1533,6,1
635,2163,35,2
636,3619,10,2
637,2209,45,5
638,3378,1,2
639,318,22,3
640,833,28,3
641,3834,30,3
642,2844,42,3
643,3327,39,2
644,843,46,4
645,2163,1,5
646,608,23,4
647,3634,8,5
648,3116,23,2
649,1017,36,4
650,2517,32,1
651,1330,47,1
652,411,17,1
653,3165,6,4
654,3072,26,5
655,3938,26,4
656,2612,50,2
657,1103,24,4
658,3243,27,4
659,568,28,3
660,1623,22,4
661,1668,43,1
662,42,45,1
663,2422,12,5
664,1583,12,3
665,3909,1,2
666,940,43,2
667,217,2,4
668,3979,44,3
669,3990,11,5
670,1023,31,4
671,39,5,3
672,150,8,2
673,974,47,4
674,2962,20,3
675,270,38,3
676,3518,3,5
677,925,38,3
678,1698,23,2
679,706,20,4
680,592,24,4
681,736,30,2
682,865,22,3
683,68,31,3
684,682,36,2
685,3094,33,1
686,1706,26,1
687,341,31,5
688,3927,19,5
689,3692,37,3
690,3775,40,4
691,3721,12,2
692,1598,38,2
693,3420,43,3
694,358,7,5
695,396,25,2
696,2130,27,5
697,2132,43,2
698,907,47,2
699,1191,23,3
700,994,48,2
701,644,22,2
702,1579,33,3
703,110,28,2
704,1086,15,4
705,819,15,3
706,1026,18,4
707,220,24,4
708,1797,48,4
709,3108,36,4
710,2973,17,3
711,1301,48,5
712,2569,10,1
713,1614,12,5
714,3560,31,1
715,3203,13,5
716,1832,44,4
717,3428,47,4
718,2464,6,3
719,3990,13,5
720,3349,44,5
721,3788,30,3
722,3078,24,2
723,1642,11,3
724,3301,44,4
725,880,20,5
726,3191,38,2
727,2736,31,5
728,2234,11,3
729,3454,41,1
730,3255,47,2
731,2230,18,1
732,3374,24,3
733,2980,26,3
734,1999,24,3
735,1861,36,4
736,3712,24,2
737,2537,3,4
738,639,36,3
739,3645,10,1
740,2195,25,2
741,3549,37,2
742,190,30,1
743,1539,2,1
744,164,23,3
745,1821,11,3
746,1166,39,3
747,1393,13,1
748,1334,27,5
749,921,27,1
750,743,5,4
751,1340,49,1
752,378,25,3
753,3487,33,4
754,1953,6,4
755,2768,15,3
756,3364,30,4
757,1135,21,2
758,2336,46,1
759,765,34,5
760,948,14,2
761,603,10,5
762,3389,19,5
763,1090,39,5
764,1311,5,2
765,970,37,3
766,13,37,2
767,2191,20,3
768,3629,37,3
769,3039,29,5
770,3702,4,5
771,3390,31,2
772,664,40,5
773,2939,9,1
774,681,2,3
775,126,34,5
776,29,8,2
777,3575,33,2
778,1730,49,4
779,275,15,3
780,295,40,1
781,3416,25,3
782,2257,10,1
783,44,41,4
784,973,19,4
785,3471,34,1
786,970,32,1
787,1851,38,5
788,3376,46,1
789,2556,17,2
790,1436,43,4
791,3564,8,1
792,1201,46,5
793,2028,2,4
794,1360,13,3
795,719,49,5
796,1947,37,2
797,1460,8,2
798,2713,15,4
799,3166,23,4
800,1158,4,2
801,3753,49,5
802,574,27,2
803,40,3,2
804,1903,27,3
805,985,2,2
806,1826,41,1
807,1526,26,5
808,1774,33,4
809,3464,38,3
810,2168,21,5
811,143,14,2
812,157,33,4
813,1271,12,5
814,20,43,4
815,2642,4,5
816,2159,20,5
817,519,44,5
818,879,29,2
819,1195,12,1
820,570,5,5
821,2586,22,1
822,2680,24,1
823,3138,19,3
824,871,40,3
825,1533,25,3
826,2435,10,2
827,712,30,4
828,3262,5,3
829,1132,24,2
830,1659,10,3
831,874,26,3
832,1817,50,4
833,243,14,4
834,1673,29,1
835,846,26,1
836,1436,23,3
837,1733,46,1
838,1397,13,4
839,1326,14,3
840,529,20,3
841,964,40,3
842,3584,28,5
843,1660,39,4
844,2344,42,3
845,1923,7,3
846,2481,35,1
847,1560,5,3
848,2139,47,3
849,3555,29,2
850,1311,34,4
851,1998,39,3
852,3036,44,4
853,1054,1,4
854,164,5,3
855,3074,43,1
856,3076,28,2
857,1652,44,5
858,1814,15,1
859,552,21,1
860,1838,8,1
861,3637,14,4
862,2015,41,4
863,2845,35,5
864,3078,31,1
865,3865,7,1
866,3834,45,2
867,2850,9,3
868,1860,47,1
869,3090,18,1
870,3905,12,2
871,2978,10,5
872,408,10,2
873,2486,46,4
874,1795,12,1
875,1241,36,3
876,3236,22,4
877,3265,48,2
878,3844,28,3
879,3351,5,3
880,2904,7,4
881,1606,1,3
882,812,17,2
883,1907,7,3
884,3602,42,1
885,1002,24,5
886,3150,31,2
887,3196,19,1
888,981,19,3
889,3210,28,1
890,3987,15,4
891,2038,6,4
892,3646,32,5
893,1777,33,2
894,3835,40,3
895,1902,10,1
896,1084,45,1
897,61,27,1
898,3799,20,1
899,2100,9,2
900,1189,32,3
901,1297,39,5
902,3597,19,4
903,2020,1,1
904,2948,26,2
905,3774,23,5
906,62,28,2
907,2118,10,3
908,3413,47,3
909,948,34,3
910,2040,46,4
911,2732,32,3
912,362,35,3
913,1292,12,3
914,1447,44,5
915,1561,8,5
916,1930,28,1
917,3289,35,5
918,3452,50,3
919,3517,4,4
920,797,28,1
921,957,37,2
922,3645,25,2
923,3841,14,5
924,2013,32,2
925,3052,23,2
926,2277,26,3
927,3178,29,1
928,2174,35,5
929,1667,22,1
930,2727,23,4
931,2476,11,4
932,3886,37,4
933,508,42,1
934,1036,37,4
935,1297,12,3
936,563,43,3
937,116,47,4
938,772,27,4
939,623,11,2
940,2377,1,3
941,1907,42,4
942,1769,1,5
943,1683,41,1
944,2511,10,1
945,3504,10,4
946,1203,44,3
947,879,21,3
948,2647,23,5
949,2679,28,2
950,2699,9,3
951,1983,8,3
952,2892,18,4
953,532,8,5
954,1753,1,3
955,2050,9,4
956,1190,41,1
957,1944,16,3
958,2840,48,5
959,1411,9,2
960,416,28,3
961,2458,50,1
962,693,13,5
963,740,24,2
964,3133,47,2
965,3026,27,1
966,647,9,3
967,2036,6,2
968,1875,16,2
969,27,21,1
970,1101,36,1
971,2518,39,1
972,1510,35,1
973,1628,20,1
974,3635,50,3
975,3888,21,2
976,1597,14,5
977,3170,20,4
978,3690,34,3
979,1395,9,5
980,710,45,1
981,1481,32,5
982,872,44,2
983,1091,36,3
984,1240,34,4
985,22,38,5
986,1243,44,5
987,83,16,2
988,2183,48,2
989,400,27,2
990,3455,20,4
991,717,10,5
992,3830,40,1
993,948,45,1
994,2347,46,4
995,3693,2,1
996,885,38,3
997,2564,32,3
998,3146,19,2
999,2314,4,4
1000,779,17,3
1001,390,31,3
1002,1390,18,5
1003,1589,11,1
1004,1928,18,4
1005,3176,27,2
1006,3187,29,2
1007,2964,7,2
1008,442,4,5
1009,311,27,4
1010,3360,25,1
1011,2865,18,1
1012,3856,20,5
1013,2333,43,2
1014,2394,36,1
1015,1136,37,4
1016,899,10,2
1017,1113,16,1
1018,3862,28,5
1019,3561,20,4
1020,3948,5,1
1021,2764,41,1
1022,3572,44,4
1023,914,18,1
1024,2321,27,3
1025,2865,20,2
1026,3569,47,1
1027,2709,15,4
1028,3442,40,5
1029,3456,13,2
1030,884,17,5
1031,2667,24,5
1032,1251,29,5
1033,1653,44,4
1034,1955,7,2
1035,752,20,5
1036,2114,11,3
1037,698,15,3
1038,2361,44,5
1039,3247,22,1
1040,1777,36,5
1041,2973,22,5
1042,3279,2,1
1043,1500,16,1
1044,1402,16,3
1045,902,2,2
1046,3813,48,1
1047,1062,39,1
1048,2377,25,3
1049,3194,10,3
1050,2649,33,4
1051,1771,46,2
1052,1224,1,3
1053,391,15,4
1054,1412,37,1
1055,3395,37,4
1056,347,9,2
1057,1011,22,1
1058,1332,30,3
1059,3159,41,5
1060,3881,11,1
1061,3450,5,1
1062,3229,23,4
1063,2886,5,3
1064,685,2,5
1065,1829,32,2
1066,3138,3,4
1067,2613,14,4
1068,236,5,4
1069,2164,12,2
1070,3745,6,2
1071,2531,50,4
1072,2633,9,2
1073,3554,36,2
1074,3774,15,4
1075,3034,26,3
1076,2036,21,3
1077,1606,26,2
1078,1177,1,4
1079,3706,19,5
1080,496,6,2
1081,3679,34,3
1082,59,44,1
1083,3001,25,1
1084,1281,33,4
1085,1301,30,3
1086,3322,33,4
1087,3955,8,2
1088,1612,37,5
1089,95,42,1
1090,1553,48,2
1091,517,16,2
1092,2244,28,2
1093,1966,46,5
1094,233,23,4
1095,2481,20,5
1096,1425,47,4
1097,3061,9,5
1098,2599,6,1
1099,2363,22,3
1100,3266,12,1
1101,1753,36,4
1102,1,42,2
1103,575,28,5
1104,3939,44,5
1105,3996,24,3
1106,493,20,1
1107,3830,32,2
1108,527,27,3
1109,1838,24,2
1110,2231,28,2
1111,196,32,2
1112,663,13,4
1113,192,19,5
1114,3465,37,2
1115,1770,5,2
1116,235,9,5
1117,67,41,5
1118,74,7,5
1119,377,18,3
1120,3820,41,3
1121,309,6,4
1122,3994,9,2
1123,2320,48,3
1124,643,45,1
1125,1902,6,3
1126,3365,36,2
1127,2569,34,3
1128,3922,3,1
1129,2927,15,5
1130,839,49,1
1131,1264,11,3
1132,1732,27,2
1133,1346,14,2
1134,2341,35,4
1135,1726,23,2
1136,1957,22,2
1137,1524,25,5
1138,397,39,1
1139,3385,20,1
1140,3731,14,2
1141,2956,43,2
1142,1278,2,3
1143,1323,32,4
1144,2112,12,3
1145,2157,41,2
1146,2405,34,3
1147,875,36,2
1148,3902,39,3
1149,3406,37,4
1150,3461,43,4
1151,1675,17,4
1152,344,21,2
1153,2762,49,2
1154,296,33,1
1155,1417,45,5
1156,1910,40,1
1157,1317,8,1
1158,1844,27,2
1159,372,42,4
1160,2497,31,1
1161,2008,25,5
1162,201,11,1
1163,2639,34,5
1164,2394,7,5
1165,1972,37,2
1166,2470,6,3
1167,1380,11,5
1168,3158,11,4
1169,2671,13,5
1170,27,45,1
1171,2513,9,1
1172,814,18,4
1173,3601,2,4
1174,2666,10,3
1175,2636,35,5
1176,3635,1,2
1177,3120,18,2
1178,2582,17,4
1179,1914,14,4
1180,3612,19,1
1181,2445,20,5
1182,2880,7,4
1183,1916,8,1
1184,2873,2,5
1185,3809,19,3
1186,67,20,2
1187,2359,12,3
1188,652,16,3
1189,280,2,2
1190,3983,6,3
1191,2904,38,2
1192,633,40,2
1193,2706,17,5
1194,662,39,3
1195,738,6,2
1196,553,8,2
1197,1154,24,3
1198,1330,2,2
1199,692,21,2
1200,1507,4,2
1201,3291,32,4
1202,3394,43,1
1203,2453,45,1
1204,1104,29,1
1205,1817,8,1
1206,2301,17,3
1207,3569,2,2
1208,2949,32,4
1209,882,43,2
1210,718,44,5
1211,1704,35,4
1212,2015,45,3
1213,1277,45,2
1214,271,47,4
1215,3803,34,1
1216,2879,47,4
1217,3937,44,5
1218,497,4,3
1219,564,20,5
1220,3413,37,2
1221,3591,20,2
1222,3611,28,1
1223,756,47,1
1224,1889,13,3
1225,11,35,1
1226,2149,28,3
1227,2842,33,2
1228,1841,48,2
1229,3232,19,4
1230,3934,6,1
1231,1810,29,1
1232,2615,21,1
1233,422,4,4
1234,1574,13,1
1235,3450,9,1
1236,2674,22,4
1237,2404,19,1
1238,3224,9,5
1239,1958,16,4
1240,875,49,5
1241,2696,50,5
1242,760,10,5
1243,3948,13,3
1244,469,26,4
1245,492,20,2
1246,3378,24,4
1247,2742,6,3
1248,3963,6,5
1249,3986,13,1
1250,2261,20,1
1251,1763,28,2
1252,463,22,1
1253,3361,30,3
1254,1597,50,2
1255,3460,34,2
1256,3621,41,5
1257,35,13,1
1258,2351,23,2
1259,3741,26,1
1260,3092,8,4
1261,3590,46,3
1262,2042,11,1
1263,1384,18,2
1264,2295,4,3
1265,3328,22,2
1266,334,21,3
1267,1629,42,5
1268,1882,33,5
1269,806,48,3
1270,3738,24,4
1271,57,46,5
1272,3758,49,4
1273,1480,11,5
1274,1914,50,4
1275,2061,9,2
1276,1698,28,2
1277,233,43,1
1278,3573,41,1
1279,553,45,4
1280,1989,8,2
1281,221,10,3
1282,2693,30,3
1283,2978,1,3
1284,3447,22,1
1285,909,34,4
1286,534,36,4
1287,738,5,2
1288,1816,5,4
1289,1639,21,3
1290,872,36,4
1291,2487,24,5
1292,981,27,1
1293,3248,49,1
1294,2360,28,4
1295,2728,9,4
1296,3615,42,3
1297,2581,42,1
1298,3763,17,4
1299,2240,38,2
1300,2422,20,4
1301,3048,44,5
1302,3,50,4
1303,1106,48,2
1304,2933,43,2
1305,1185,5,1
1306,1210,3,5
1307,2439,45,3
1308,2512,38,3
1309,2071,16,4
1310,1496,27,2
1311,614,4,5
1312,1851,42,2
1313,3389,50,3
1314,3109,48,2
1315,3944,17,5
1316,567,44,3
1317,2610,33,5
1318,426,22,1
1319,516,13,1
1320,2090,28,5
1321,817,25,2
1322,2522,7,2
1323,1405,28,3
1324,1449,20,5
1325,2757,27,2
1326,3756,24,2
1327,1223,27,1
1328,3348,45,4
1329,2824,39,2
1330,3829,21,1
1331,537,47,3
1332,1825,2,5
1333,2680,3,5
1334,541,42,4
1335,1842,4,2
1336,2196,29,3
1337,1628,45,5
1338,2581,18,2
1339,1315,14,4
1340,2688,31,5
1341,1946,47,4
1342,2263,21,2
1343,951,4,3
1344,933,45,2
1345,2068,10,3
1346,3572,32,2
1347,1379,46,1
1348,2981,2,5
1349,1032,22,2
1350,357,31,4
1351,1944,11,4
1352,1564,47,5
1353,603,20,1
1354,1785,26,3
1355,3946,17,5
1356,1599,27,3
1357,2728,27,5
1358,3511,16,2
1359,123,44,2
1360,3202,9,2
1361,34,19,5
1362,2662,26,3
1363,262,30,1
1364,2028,27,4
1365,3973,23,5
1366,2569,31,4
1367,3276,13,1
1368,2528,20,2
1369,2157,44,5
1370,3354,39,4
1371,2523,15,5
1372,3510,24,2
1373,1407,29,3
1374,3348,38,1
1375,3248,1,5
1376,2844,37,4
1377,2164,43,5
1378,3491,7,4
1379,380,33,4
1380,335,32,3
1381,2634,1,4
1382,1542,40,4
1383,1141,41,5
1384,1474,49,1
1385,1655,6,2
1386,1657,35,4
1387,1768,18,5
1388,3349,20,1
1389,3832,32,4
1390,2363,35,3
1391,3592,47,2
1392,3336,3,2
1393,3907,31,4
1394,3216,9,4
1395,3889,24,4
1396,1786,40,2
1397,735,9,2
1398,1543,3,2
1399,720,16,4
1400,1787,40,1
1401,2234,13,4
1402,2446,27,5
1403,1764,50,4
1404,402,13,4
1405,1815,9,3
1406,1725,38,3
1407,2016,33,1
1408,2485,41,1
1409,3597,3,2
1410,2400,43,4
1411,3622,36,2
1412,3807,28,5
1413,3816,42,2
1414,355,32,2
1415,1006,2,3
1416,3544,28,5
1417,2101,42,5
1418,1487,39,1
1419,1443,26,2
1420,2595,29,4
1421,3894,7,4
1422,3991,21,4
1423,1600,19,4
1424,2659,30,5
1425,2378,9,4
1426,138,5,5
1427,3353,37,2
1428,2358,10,1
1429,1023,38,1
1430,987,42,5
1431,3660,4,3
1432,3837,5,3
1433,392,4,1
1434,1436,23,3
1435,80,2,2
1436,3556,7,3
1437,2910,39,2
1438,2343,37,3
1439,1800,41,1
1440,1375,41,2
1441,1277,29,3
1442,792,6,1
1443,247,50,4
1444,928,26,1
1445,2135,19,2
1446,1486,17,2
1447,3008,5,4
1448,80,31,3
1449,1202,15,1
1450,3735,36,1
1451,619,21,4
1452,459,44,4
1453,3037,18,1
1454,766,17,4
1455,792,15,3
1456,2313,5,2
1457,3719,48,4
1458,3737,49,4
1459,2062,10,4
1460,2036,8,2
1461,3123,29,2
1462,3508,32,2
1463,3674,21,3
1464,2368,2,1
1465,182,16,3
1466,2956,21,1
1467,3982,46,4
1468,3336,6,1
1469,3152,15,3
1470,2173,37,3
1471,1610,9,1
1472,72,26,1
1473,2306,47,1
1474,2533,10,5
1475,3156,8,4
1476,3405,4,2
1477,1350,44,3
1478,3124,13,1
1479,2043,22,3
1480,1817,42,3
1481,1140,34,2
1482,868,50,5
1483,1837,47,1
1484,1521,20,4
1485,2946,14,5
1486,3191,34,5
1487,3415,3,2
1488,534,12,4
1489,337,47,1
1490,2435,49,2
1491,2364,47,2
1492,1038,11,1
1493,3454,33,2
1494,2051,17,1
1495,3768,9,4
1496,2021,12,2
1497,2049,11,5
1498,3237,4,4
1499,702,1,5
1500,453,12,2
1501,2670,17,3
1502,1181,47,4
1503,586,48,3
1504,1116,33,1
1505,2537,2,2
1506,2271,35,5
1507,1851,7,5
1508,747,47,5
1509,80,16,5
1510,3876,31,4
1511,3799,44,3
1512,1216,22,3
1513,520,26,2
1514,2165,8,5
1515,1876,46,2
1516,2153,20,4
1517,3517,26,3
1518,2797,31,3
1519,2774,13,1
1520,3936,19,1
1521,123,23,4
1522,2650,14,4
1523,531,1,2
1524,1302,17,5
1525,2427,4,5
1526,3095,48,2
1527,77,11,4
1528,1331,49,3
1529,1217,22,3
1530,3186,1,3
1531,2356,26,2
1532,2330,26,1
1533,1048,17,2
1534,2079,14,5
1535,3842,23,1
1536,1452,27,5
1537,2814,12,3
1538,78,41,1
1539,2402,10,5
1540,3960,42,1
1541,2259,28,1
1542,3391,25,3
1543,1964,15,5
1544,2560,26,2
1545,1723,11,5
1546,241,29,4
1547,806,12,3
1548,3422,31,4
1549,876,38,4
1550,3860,19,1
1551,3796,22,3
1552,123,19,4
1553,1189,39,2
1554,1036,24,3
1555,46,40,3
1556,481,50,1
1557,295,29,2
1558,95,49,5
1559,1713,36,1
1560,1817,32,1
1561,862,43,1
1562,3841,19,5
1563,2570,43,3
1564,538,13,4
1565,3492,38,1
1566,1936,15,5
1567,2595,26,1
1568,3765,7,5
1569,1223,25,3
1570,3531,41,1
1571,3446,4,1
1572,2933,22,2
1573,1753,7,3
1574,280,19,1
1575,153,22,4
1576,374,38,1
1577,1233,37,5
1578,1177,17,2
1579,1213,36,2
1580,2559,45,2
1581,3871,43,3
1582,551,35,2
1583,557,39,1
1584,3596,37,4
1585,597,31,4
1586,2453,38,5
1587,992,5,3
1588,1794,17,3
1589,2177,13,5
1590,820,14,5
1591,2293,42,3
1592,3824,33,5
1593,939,6,2
1594,3928,20,3
1595,1683,20,4
1596,1498,33,1
1597,1763,33,5
1598,3482,19,4
1599,931,31,4
1600,2911,1,3
1601,3222,41,2
1602,2098,50,4
1603,2577,28,5
1604,1222,27,3
1605,995,19,3
1606,3750,48,2
1607,487,34,2
1608,2727,5,1
1609,1163,48,5
1610,553,36,3
1611,1476,50,2
1612,3804,8,4
1613,1961,46,4
1614,726,37,1
1615,2568,20,2
1616,971,38,5
1617,750,14,5
1618,1983,34,3
1619,2071,38,4
1620,600,44,1
1621,856,29,1
1622,2023,27,2
1623,2988,41,5
1624,2397,43,2
1625,1180,27,1
1626,2585,27,3
1627,2776,7,2
1628,2431,11,2
1629,2701,6,5
1630,1650,27,4
1631,2776,6,1
1632,2272,47,2
1633,1353,33,4
1634,893,11,2
1635,2290,17,4
1636,1926,16,5
1637,563,10,4
1638,2609,19,1
1639,201,27,1
1640,2522,27,5
1641,2812,21,4
1642,3007,4,4
1643,2510,27,5
1644,2801,18,4
1645,2812,31,3
1646,2071,7,3
1647,2832,17,2
1648,3519,39,2
1649,3612,17,5
1650,2049,16,2
1651,1267,44,1
1652,3186,8,2
1653,2370,1,3
1654,3638,23,4
1655,1287,49,4
1656,2905,12,3
1657,1197,12,5
1658,398,17,2
1659,2543,17,2
1660,3308,47,4
1661,2405,5,4
1662,3838,42,5
1663,3,42,3
1664,1727,17,2
1665,2680,45,5
1666,2960,17,2
1667,695,17,2
1668,2539,14,4
1669,2047,27,1
1670,2753,36,4
1671,3627,41,3
1672,1601,41,1
1673,1954,46,5
1674,1734,34,1
1675,1351,27,5
1676,1962,14,5
1677,3840,49,1
1678,2223,11,5
1679,1628,17,1
1680,620,47,1
1681,561,34,5
1682,3508,3,5
1683,2723,39,1
1684,2537,45,5
1685,3812,17,3
1686,3649,28,2
1687,3871,27,5
1688,3786,38,4
1689,185,24,1
1690,944,36,4
1691,171,40,3
1692,1247,20,5
1693,1345,1,1
1694,3249,26,2
1695,1344,6,3
1696,2429,40,2
1697,3590,31,3
1698,3627,1,2
1699,278,5,3
1700,52,39,1
1701,1448,22,1
1702,1208,48,1
1703,3118,38,3
1704,3093,5,3
1705,2761,21,2
1706,687,11,3
1707,760,1,3
1708,3275,6,5
1709,275,17,5
1710,3008,18,5
1711,1992,44,3
1712,136,9,5
1713,1366,5,1
1714,2884,31,1
1715,331,4,5
1716,2202,42,1
1717,2905,10,3
1718,2791,5,2
1719,302,27,4
1720,3575,14,2
1721,2970,19,3
1722,3098,50,1
1723,354,38,4
1724,3222,46,3
1725,2071,23,4
1726,1910,28,5
1727,757,46,1
1728,3113,1,5
1729,1373,31,3
1730,1666,30,5
1731,3171,7,2
1732,3483,26,3
1733,429,11,5
1734,528,38,5
1735,3924,21,5
1736,2915,3,1
1737,1668,9,2
1738,2781,1,3
1739,1740,49,1
1740,699,18,3
1741,2574,39,5
1742,1739,1,1
1743,195,1,5
1744,2188,24,2
1745,3796,42,4
1746,2916,21,4
1747,2353,22,3
1748,3650,11,1
1749,1296,47,1
1750,1740,49,3
1751,2701,39,2
1752,3785,16,5
1753,2205,21,4
1754,3625,22,2
1755,57,34,5
1756,2227,4,4
1757,1020,10,2
1758,2777,27,5
1759,3965,1,5
1760,3364,12,1
1761,3908,39,1
1762,3331,11,4
1763,512,46,4
1764,250,35,2
1765,2906,11,2
1766,2115,30,3
1767,3325,6,2
1768,2554,11,3
1769,2545,9,4
1770,901,22,2
1771,2114,21,2
1772,3187,7,4
1773,155,5,2
1774,3728,26,2
1775,411,42,2
1776,2638,39,3
1777,2107,9,1
1778,1853,22,2
1779,2305,32,3
1780,2448,13,2
1781,2579,29,3
1782,3017,18,3
1783,1632,10,1
1784,3573,50,1
1785,301,47,1
1786,2975,39,3
1787,2431,18,2
1788,861,30,1
1789,3484,38,3
1790,1071,31,3
1791,2557,41,1
1792,2208,12,2
1793,979,8,2
1794,2446,15,4
1795,2514,43,3
1796,541,36,3
1797,1423,7,1
1798,3625,13,3
1799,736,37,4
1800,3180,33,5
1801,3823,48,2
1802,3177,41,2
1803,2979,6,4
1804,286,28,4
1805,1429,11,3
1806,1779,15,2
1807,1846,35,3
1808,1113,8,1
1809,105,12,1
1810,2074,40,3
1811,1311,19,1
1812,2604,23,1
1813,1842,29,1
1814,3385,48,2
1815,1451,12,2
1816,1377,7,1
1817,1153,48,5
1818,2754,49,4
1819,1687,16,3
1820,78,1,3
1821,2364,32,3
1822,3367,17,4
1823,2962,21,1
1824,2232,3,4
1825,3266,31,2
1826,1317,1,4
1827,3807,35,4
1828,1947,39,5
1829,202,24,4
1830,1622,14,5
1831,60,30,2
1832,1249,7,5
1833,897,35,1
1834,1508,35,5
1835,2974,36,3
1836,2402,23,5
1837,1417,18,2
1838,3014,28,5
1839,675,38,3
1840,2129,9,3
1841,2705,24,1
1842,2595,23,3
1843,2421,40,2
1844,2066,44,2
1845,3099,37,4
1846,3305,19,1
1847,3217,47,5
1848,1666,47,1
1849,3692,4,5
1850,3556,40,2
1851,1500,20,4
1852,1096,40,3
1853,803,22,5
1854,2050,20,3
1855,647,3,5
1856,3970,30,4
1857,2379,2,4
1858,2642,18,4
1859,2146,19,3
1860,1505,25,5
1861,3464,42,5
1862,566,1,4
1863,358,11,4
1864,882,24,3
1865,1984,41,5
1866,69,9,5
1867,1836,32,1
1868,793,25,2
1869,2931,29,4
1870,1226,20,2
1871,2763,7,3
1872,703,42,5
1873,2042,15,4
1874,109,50,1
1875,2682,15,2
1876,3246,50,5
1877,1830,21,4
1878,1704,34,4
1879,3517,45,4
1880,2425,42,3
1881,1082,38,5
1882,3163,34,1
1883,3789,17,2
1884,3774,32,3
1885,2656,47,2
1886,3375,12,2
1887,2323,21,4
1888,3151,36,4
1889,2384,45,5
1890,2268,44,1
1891,1035,49,5
1892,864,1,4
1893,74,30,3
1894,2934,1,3
1895,3421,47,1
1896,3298,47,1
1897,54,22,5
1898,524,48,4
1899,2873,23,3
1900,692,31,3
1901,896,6,5
1902,2899,4,2
1903,2117,39,1
1904,440,6,1
1905,3036,4,1
1906,1033,2,4
1907,1643,30,4
1908,2692,22,3
1909,1202,3,2
1910,1652,41,3
1911,2555,12,5
1912,2933,26,5
1913,447,7,2
1914,3247,45,3
1915,536,36,3
1916,1202,2,4
1917,3380,14,3
1918,1772,33,1
1919,431,42,1
1920,3939,4,2
1921,1367,1,1
1922,884,30,1
1923,1297,17,1
1924,3310,41,1
1925,3558,1,1
1926,1551,48,1
1927,1408,2,3
1928,282,38,1
1929,2365,45,4
1930,1618,19,2
1931,362,14,2
1932,218,21,1
1933,587,16,5
1934,1577,13,1
1935,664,46,3
1936,1682,2,5
1937,3167,10,1
1938,1246,33,1
1939,258,42,5
1940,3243,30,5
1941,2045,34,1
1942,3424,35,1
1943,860,47,1
1944,1263,50,4
1945,2250,31,4
1946,3964,16,5
1947,1064,23,4
1948,417,32,3
1949,1276,7,2
1950,362,7,2
1951,3824,43,3
1952,3388,12,2
1953,3868,17,2
1954,368,5,4
1955,1186,31,5
1956,2128,26,3
1957,2218,40,4
1958,886,26,1
1959,2158,49,1
1960,2865,5,4
1961,3601,49,3
1962,3466,20,5
1963,2195,37,2
1964,1578,22,1
1965,1606,28,3
1966,2642,11,3
1967,1500,24,5
1968,3898,31,4
1969,2041,13,3
1970,2648,31,4
1971,5,8,4
1972,3124,31,5
1973,3779,22,5
1974,2620,13,2
1975,907,31,5
1976,1069,35,1
1977,1645,42,2
1978,432,41,3
1979,2435,36,5
1980,2061,10,1
1981,103,44,1
1982,1682,31,1
1983,3123,34,4
1984,2589,12,4
1985,2388,11,4
1986,1036,27,4
1987,1334,27,5
1988,615,16,3
1989,252,16,2
1990,2957,21,4
1991,2730,8,3
1992,709,20,4
1993,2573,31,1
1994,332,22,5
1995,1029,45,3
1996,1952,48,3
1997,3497,9,5
1998,2904,44,3
1999,3320,19,5
2000,2064,19,2
2001,154,11,4
2002,1391,48,2
2003,2643,14,5
2004,3933,4,2
2005,1737,12,5
2006,1574,24,2
2007,1249,1,2
2008,269,11,3
2009,1783,47,5
2010,1495,46,2
2011,299,12,2
2012,3712,37,5
2013,3769,23,1
2014,2813,3,3
2015,3374,40,2
2016,467,16,1
2017,679,9,1
2018,2821,19,1
2019,1504,22,2
2020,662,45,2
2021,265,42,1
2022,1534,35,1
2023,2159,21,3
2024,3714,2,1
2025,837,7,3
2026,1751,5,1
2027,1718,20,1
2028,2333,1,1
2029,1065,49,3
2030,272,46,3
2031,3304,25,5
2032,3117,22,4
2033,925,30,5
2034,1122,37,5
2035,2989,3,2
2036,2217,43,1
2037,616,30,4
2038,808,39,1
2039,2186,18,2
2040,3159,9,5
2041,3200,18,5
2042,2075,25,5
2043,1420,8,3
2044,3720,8,2
2045,1647,22,3
2046,1125,10,5
2047,1188,30,3
2048,3157,3,5
2049,2645,3,2
2050,1210,7,3
2051,769,14,3
2052,3952,2,5
2053,980,25,3
2054,2604,36,5
2055,169,37,3
2056,2188,2,5
2057,3744,20,1
2058,1022,33,3
2059,3655,43,2
2060,1045,21,4
2061,3227,25,3
2062,3513,42,2
2063,2608,42,5
2064,3364,48,4
2065,623,16,4
2066,3378,23,1
2067,820,4,3
2068,2002,18,5
2069,1411,27,2
2070,2578,27,4
2071,1062,40,2
2072,3857,21,2
2073,3421,40,1
2074,803,13,3
2075,960,34,4
2076,2410,40,4
2077,1592,6,2
2078,2102,19,1
2079,3225,43,2
2080,3840,3,3
2081,311,40,1
2082,380,36,3
2083,1856,12,4
2084,2138,34,5
2085,1023,19,4
2086,1887,21,5
2087,3526,43,3
2088,2454,28,1
2089,2404,39,2
2090,2630,5,4
2091,74,43,1
2092,2398,35,5
2093,652,47,5
2094,2911,37,5
2095,321,48,1
2096,2103,29,3
2097,3713,21,5
2098,3108,29,1
2099,3751,6,3
2100,1102,48,1
2101,2593,29,3
2102,236,6,2
2103,1916,34,3
2104,316,30,3
2105,41,41,3
2106,2504,9,5
2107,3408,19,3
2108,1296,12,1
2109,1355,34,3
2110,1368,10,5
2111,3731,31,5
2112,2157,33,3
2113,485,49,2
2114,1090,7,5
2115,3031,26,3
2116,3675,12,2
2117,1643,28,4
2118,3528,39,4
2119,1269,27,3
2120,1210,41,3
2121,3336,5,1
2122,3464,7,1
2123,1621,36,2
2124,737,27,2
2125,2033,11,1
2126,3402,5,3
2127,2397,45,5
2128,1871,29,4
2129,3174,19,3
2130,803,11,5
2131,2044,29,2
2132,1708,49,2
2133,1792,7,1
2134,3484,17,2
2135,1065,22,2
2136,3837,32,2
2137,710,15,4
2138,2596,43,3
2139,270,1,5
2140,2895,24,5
2141,2601,47,5
2142,1711,4,1
2143,3833,46,5
2144,794,12,2
2145,1889,31,1
2146,1647,8,2
2147,1005,12,1
2148,2601,47,2
2149,398,43,5
2150,3667,1,2
2151,3526,49,4
2152,1569,37,2
2153,244,25,2
2154,593,38,5
2155,83,20,4
2156,2726,3,1
2157,671,44,2
2158,2249,38,1
2159,1896,5,5
2160,445,3,3
2161,2847,8,1
2162,658,50,5
2163,3353,38,3
2164,3010,45,4
2165,1587,27,1
2166,1653,24,4
2167,2146,27,4
2168,415,10,5
2169,1965,42,4
2170,1825,11,2
2171,1254,4,5
2172,480,42,3
2173,1338,29,5
2174,2761,15,1
2175,2384,3,2
2176,1773,9,5
2177,3576,36,1
2178,1213,40,4
2179,1792,11,4
2180,1067,49,4
2181,2282,24,3
2182,3917,35,4
2183,3620,24,1
2184,1657,35,4
2185,3651,43,3
2186,3857,2,1
2187,1768,20,1
2188,3632,38,1
2189,2580,11,3
2190,3647,35,1
2191,1326,22,5
2192,3625,45,5
2193,3397,7,2
2194,263,5,4
2195,2229,30,4
2196,668,23,1
2197,3254,33,3
2198,2826,22,5
2199,793,27,5
2200,1709,1,1
2201,1749,29,3
2202,959,6,5
2203,3290,44,4
2204,2030,7,2
2205,2917,19,2
2206,541,6,1
2207,1129,33,1
2208,1938,3,3
2209,602,9,3
2210,1172,39,5
2211,1450,37,1
2212,1639,44,1
2213,103,24,4
2214,2485,9,1
2215,411,27,3
2216,2015,34,1
2217,2764,40,2
2218,2696,34,3
2219,2955,36,2
2220,355,19,1
2221,3182,32,4
2222,290,46,2
2223,305,38,3
2224,2494,20,1
2225,626,37,3
2226,1315,50,1
2227,287,50,4
2228,1306,34,4
2229,2335,41,2
2230,258,16,1
2231,3170,39,5
2232,999,39,1
2233,2816,8,2
2234,2199,3,5
2235,1984,26,3
2236,3643,41,5
2237,1722,27,5
2238,1075,24,5
2239,1716,5,5
2240,806,34,1
2241,1507,18,1
2242,3484,6,2
2243,267,2,5
2244,2934,11,5
2245,3397,50,2
2246,685,15,5
2247,3622,26,4
2248,3945,12,4
2249,1409,4,2
2250,1582,45,5
2251,1974,38,4
2252,2348,26,3
2253,898,35,2
2254,393,38,5
2255,294,42,2
2256,3111,45,5
2257,1072,15,1
2258,1480,8,5
2259,2547,1,1
2260,2753,16,2
2261,3193,43,3
2262,489,7,5
2263,2865,8,3
2264,2521,27,4
2265,2333,42,4
2266,1172,18,4
2267,2462,3,1
2268,423,43,4
2269,3455,40,1
2270,604,22,3
2271,3778,23,5
2272,406,31,3
2273,997,31,3
2274,1174,6,5
2275,3597,39,1
2276,3844,2,1
2277,1557,9,4
2278,1518,6,2
2279,182,6,1
2280,603,8,5
2281,1861,16,2
2282,1957,23,2
2283,632,50,2
2284,104,41,2
2285,284,50,5
2286,3306,31,1
2287,1071,7,3
2288,2386,47,4
2289,2947,10,3
2290,1006,35,2
2291,3594,15,2
2292,1290,32,5
2293,1265,29,2
2294,1824,42,3
2295,1564,5,5
2296,3408,36,3
2297,3863,31,3
2298,2886,17,2
2299,1419,18,5
2300,1289,44,5
2301,680,46,2
2302,544,50,1
2303,2626,16,5
2304,1269,23,4
2305,2761,37,3
2306,1821,42,3
2307,3585,18,2
2308,1473,18,5
2309,706,42,5
2310,3565,13,5
2311,586,12,4
2312,234,41,1
2313,3238,25,2
2314,2594,28,3
2315,2603,39,2
2316,760,37,5
2317,780,15,5
2318,832,11,1
2319,1073,31,5
2320,499,32,2
2321,1956,28,5
2322,219,9,2
2323,2649,4,3
2324,2313,42,1
2325,2067,21,1
2326,3425,44,1
2327,3402,28,2
2328,1820,5,3
2329,260,12,2
2330,1581,38,5
2331,3441,21,2
2332,283,7,5
2333,2120,25,1
2334,1092,39,5
2335,2137,18,3
2336,2166,34,1
2337,2962,16,5
2338,2793,35,4
2339,3239,40,4
2340,3635,23,3
2341,2932,40,3
2342,1611,5,5
2343,3550,48,4
2344,2958,35,1
2345,2830,25,3
2346,586,13,5
2347,1086,47,1
2348,3838,19,5
2349,2227,20,2
2350,1715,2,4
2351,775,11,3
2352,2737,43,5
2353,1901,29,5
2354,1701,42,1
2355,6,32,5
2356,1032,47,2
2357,1766,18,5
2358,1206,5,2
2359,3854,27,5
2360,1916,20,5
2361,3060,6,3
2362,2250,46,3
2363,3564,28,2
2364,3186,22,3
2365,2466,14,4
2366,2609,20,5
2367,2564,21,2
2368,640,1,1
2369,3892,6,2
2370,1923,31,5
2371,1036,12,1
2372,3804,41,4
2373,2855,7,3
2374,1248,40,5
2375,168,3,4
2376,3125,20,4
2377,1520,14,3
2378,1547,24,2
2379,3884,5,1
2380,2257,8,3
2381,3088,18,1
2382,3554,26,1
2383,440,39,2
2384,2067,34,3
2385,2779,34,5
2386,3492,9,2
2387,131,8,1
2388,3952,29,1
2389,865,5,5
2390,1259,32,5
2391,577,12,4
2392,1873,41,2
2393,3567,26,3
2394,3949,1,1
2395,873,28,2
2396,1805,46,1
2397,3303,45,4
2398,1176,45,4
2399,3096,16,5
2400,1457,8,4
2401,3180,7,3
2402,669,50,4
2403,2001,11,1
2404,2356,12,2
2405,2258,38,1
2406,182,2,5
2407,3804,21,4
2408,3457,10,1
2409,2145,37,3
2410,1945,23,1
2411,2875,18,3
2412,2516,38,2
2413,1273,6,4
2414,3928,17,4
2415,3253,20,2
2416,239,3,4
2417,1794,8,4
2418,1047,45,4
2419,495,17,3
2420,2142,20,2
2421,3050,34,3
2422,1712,30,4
2423,3679,16,1
2424,2198,26,1
2425,2107,15,3
2426,3177,32,4
2427,2687,37,2
2428,1893,1,1
2429,252,7,5
2430,1657,23,2
2431,1539,3,3
2432,778,9,5
2433,1611,39,3
2434,2710,48,1
2435,1663,17,3
2436,329,41,5
2437,1488,45,3
2438,2435,35,3
2439,3291,8,1
2440,3280,36,2
2441,843,44,1
2442,3427,27,1
2443,1469,29,2
2444,2899,34,2
2445,2734,22,1
2446,246,42,5
2447,1187,3,4
2448,3766,6,5
2449,3164,31,3
2450,2499,41,1
2451,485,26,2
2452,2353,20,1
2453,1750,34,2
2454,3716,27,2
2455,3845,42,1
2456,1196,6,3
2457,2431,17,4
2458,3503,20,3
2459,886,41,5
2460,3237,30,4
2461,2769,23,1
2462,418,15,3
2463,3697,20,3
2464,2732,9,2
2465,240,23,3
2466,968,15,2
2467,1758,34,4
2468,1334,46,5
2469,3158,35,1
2470,3871,2,4
2471,1722,12,5
2472,3167,15,4
2473,123,4,3
2474,3528,8,4
2475,3060,25,5
2476,597,19,1
2477,2983,13,2
2478,1020,21,5
2479,3059,18,1
2480,933,11,1
2481,3109,39,1
2482,3850,16,2
2483,638,12,1
2484,1362,31,2
2485,1841,36,4
2486,1681,46,4
2487,1878,10,1
2488,2411,31,4
2489,3916,18,4
2490,1210,25,3
2491,2828,44,4
2492,925,42,3
2493,1669,3,4
2494,305,7,4
2495,524,38,5
2496,1036,49,1
2497,2518,13,1
2498,666,23,1
2499,1845,5,3
2500,412,20,2
2501,521,42,3
2502,1181,23,3
2503,3257,11,3
2504,826,14,5
2505,442,29,1
2506,1574,44,1
2507,1466,31,4
2508,2515,26,1
2509,2497,32,3
2510,2242,5,3
2511,2357,16,2
2512,3261,48,3
2513,2612,20,1
2514,3407,9,4
2515,3897,39,3
2516,1490,14,5
2517,2806,26,5
2518,700,20,3
2519,701,2,2
2520,3050,49,4
2521,1067,14,2
2522,3689,37,3
2523,552,32,1
2524,2258,3,3
2525,1884,21,2
2526,2975,36,3
2527,1678,50,5
2528,3249,35,5
2529,3326,46,4
2530,2149,24,2
2531,3487,43,2
2532,3825,44,5
2533,3609,12,4
2534,1893,26,2
2535,79,6,3
2536,1578,20,1
2537,1148,47,5
2538,754,20,2
2539,3825,19,2
2540,725,41,5
2541,76,47,2
2542,478,29,1
2543,3128,35,3
2544,1406,13,5
2545,756,14,4
2546,2875,48,2
2547,3789,15,3
2548,2149,1,3
2549,2898,4,5
2550,1871,23,4
2551,1532,22,4
2552,14,22,1
2553,1132,24,5
2554,713,12,3
2555,1348,46,3
2556,3996,9,5
2557,1637,45,1
2558,2809,41,3
2559,1300,20,2
2560,1154,19,3
2561,2049,48,1
2562,3797,30,3
2563,5,6,5
2564,2611,23,5
2565,3611,24,5
2566,7,4,1
2567,689,18,4
2568,2863,30,2
2569,2206,30,2
2570,1061,27,3
2571,2439,30,2
2572,2586,26,2
2573,1708,48,2
2574,1663,40,5
2575,1266,47,5
2576,2557,7,2
2577,3391,38,5
2578,2639,26,5
2579,1828,25,1
2580,2415,31,3
2581,459,7,5
2582,1427,14,2
2583,205,50,2
2584,1759,6,2
2585,1051,23,2
2586,3942,25,4
2587,3376,11,5
2588,1952,22,5
2589,753,2,5
2590,1113,42,2
2591,693,48,5
2592,3032,37,1
2593,678,33,4
2594,2164,47,1
2595,3981,37,3
2596,3351,35,5
2597,3336,19,4
2598,2906,39,5
2599,1821,30,2
2600,2107,36,1
2601,1829,37,5
2602,2368,30,4
2603,3467,29,5
2604,1424,25,1
2605,190,15,4
2606,3618,36,4
2607,1329,43,4
2608,3846,30,2
2609,1713,6,2
2610,1749,20,5
2611,2777,29,2
2612,3447,15,1
2613,1865,10,5
2614,2305,29,5
2615,3103,41,4
2616,1436,37,1
2617,2493,5,4
2618,150,2,3
2619,1327,16,5
2620,802,26,3
2621,690,2,2
2622,3420,15,3
2623,659,13,2
2624,1944,26,3
2625,3411,36,4
2626,2506,26,5
2627,3485,44,3
2628,3750,26,5
2629,3254,2,2
2630,2340,46,3
2631,2716,23,1
2632,2171,28,1
2633,3526,50,1
2634,3328,50,4
2635,1496,37,1
2636,1933,26,1
2637,2068,4,3
2638,251,34,1
2639,3116,20,5
2640,3486,14,3
2641,3897,9,4
2642,2324,10,2
2643,2209,43,4
2644,110,12,5
2645,502,1,1
2646,3970,5,3
2647,1396,6,4
2648,3113,28,3
2649,455,48,3
2650,3005,12,2
2651,3542,39,5
2652,2861,24,4
2653,2503,34,1
2654,573,18,3
2655,3261,8,5
2656,2165,38,2
2657,3127,50,1
2658,157,10,5
2659,2346,14,3
2660,1931,30,2
2661,601,17,2
2662,1863,21,4
2663,1639,7,3
2664,838,26,4
2665,3671,40,2
2666,3123,5,4
2667,3579,44,5
2668,1004,3,3
2669,1605,40,3
2670,172,11,4
2671,3318,14,5
2672,531,32,3
2673,1810,5,3
2674,2544,2,4
2675,3042,31,3
2676,2585,23,5
2677,81,33,1
2678,2845,20,4
2679,3382,22,1
2680,255,32,4
2681,434,46,4
2682,1482,45,1
2683,538,6,1
2684,2693,37,2
2685,472,43,5
2686,1650,1,4
2687,3886,32,4
2688,3029,30,2
2689,3554,40,5
2690,2817,32,4
2691,3255,29,3
2692,993,8,5
2693,1658,22,2
2694,66,32,3
2695,1958,32,3
2696,2974,50,2
2697,2126,26,4
2698,3179,11,3
2699,1036,44,1
2700,1658,13,4
2701,1488,29,5
2702,988,44,1
2703,916,28,3
2704,890,44,4
2705,92,47,4
2706,2399,34,5
2707,946,14,1
2708,2382,41,5
2709,2889,27,4
2710,1072,30,4
2711,1891,43,3
2712,2539,48,5
2713,1123,7,1
2714,2598,48,1
2715,1689,35,4
2716,2594,19,5
2717,389,13,3
2718,2709,10,3
2719,3430,40,2
2720,1545,29,1
2721,1693,29,5
2722,3373,48,5
2723,381,5,1
2724,355,12,1
2725,504,29,3
2726,2040,34,5
2727,3120,34,3
2728,3886,28,1
2729,2266,17,5
2730,477,30,5
2731,2564,19,3
2732,964,14,4
2733,432,49,2
2734,1109,28,5
2735,1329,49,1
2736,10,39,5
2737,1243,37,5
2738,938,50,1
2739,99,27,4
2740,558,37,3
2741,3193,24,4
2742,486,40,4
2743,3903,49,4
2744,2596,8,3
2745,973,2,4
2746,1220,6,3
2747,9,21,4
2748,1927,10,2
2749,1226,31,2
2750,82,2,5
2751,1957,39,1
2752,2317,18,2
2753,182,3,5
2754,796,24,3
2755,905,43,1
2756,3043,7,4
2757,1212,22,4
2758,521,42,3
2759,224,21,3
2760,477,24,3
2761,467,48,1
2762,2778,17,4
2763,3343,32,5
2764,1028,3,3
2765,999,34,3
2766,1294,30,1
2767,1052,13,2
2768,2288,32,1
2769,2542,31,1
2770,65,19,2
2771,2929,28,2
2772,2920,50,5
2773,468,30,2
2774,1372,9,5
2775,1184,40,1
2776,2435,47,4
2777,1191,42,2
2778,84,32,4
2779,608,12,2
2780,251,33,2
2781,2503,41,4
2782,1476,34,4
2783,3187,5,2
2784,455,50,2
2785,3874,11,3
2786,1207,21,2
2787,1170,3,3
2788,2896,5,5
2789,3949,36,5
2790,2241,39,4
2791,2731,40,2
2792,893,29,3
2793,3188,15,1
2794,3639,44,2
2795,99,40,2
2796,450,12,3
2797,3559,8,2
2798,194,9,1
2799,240,25,4
2800,2081,42,2
2801,2341,40,4
2802,2172,34,2
2803,1499,27,5
2804,1204,30,1
2805,2171,32,2
2806,1353,7,4
2807,1682,30,3
2808,3001,11,2
2809,1199,21,2
2810,3077,37,4
2811,3226,29,2
2812,1449,12,4
2813,3728,43,4
2814,2390,36,1
2815,348,47,3
2816,2005,49,1
2817,3168,40,5
2818,2173,36,2
2819,3583,37,4
2820,3953,50,1
2821,1220,30,2
2822,1119,18,5
2823,1903,43,4
2824,844,40,1
2825,1695,14,1
2826,1133,9,4
2827,1315,36,4
2828,1835,25,4
2829,2742,22,4
2830,1942,17,3
2831,3445,37,1
2832,469,13,3
2833,111,38,5
2834,1982,19,1
2835,3682,10,2
2836,3066,25,3
2837,1764,28,2
2838,1332,18,5
2839,3940,23,3
2840,168,18,4
2841,275,50,5
2842,1170,25,5
2843,3111,46,3
2844,720,9,3
2845,1976,21,2
2846,3981,25,3
2847,2298,49,1
2848,491,42,3
2849,2152,49,4
2850,2404,18,3
2851,1715,16,2
2852,1306,18,3
2853,161,47,2
2854,1033,2,3
2855,1519,14,3
2856,3595,42,4
2857,1703,10,2
2858,3355,25,2
2859,763,26,3
2860,1208,8,1
2861,3483,39,5
2862,1516,17,3
2863,1305,49,3
2864,1482,39,5
2865,91,40,3
2866,2049,50,1
2867,2465,37,5
2868,804,12,2
2869,3587,34,5
2870,484,37,5
2871,2332,43,2
2872,2882,37,1
2873,1996,25,4
2874,3107,32,5
2875,3890,28,3
2876,793,43,2
2877,1032,28,3
2878,27,7,5
2879,2688,11,5
2880,2711,11,5
2881,3585,1,3
2882,2430,27,5
2883,3649,47,5
2884,1190,29,3
2885,1687,32,4
2886,323,16,3
2887,3622,47,4
2888,3089,28,3
2889,1837,44,5
2890,1951,12,2
2891,2509,49,3
2892,246,19,2
2893,3122,25,2
2894,1318,22,5
2895,2472,31,4
2896,928,13,2
2897,692,46,5
2898,98,25,5
2899,1415,26,3
2900,1561,37,2
2901,3457,9,3
2902,3909,37,2
2903,2190,11,5
2904,3721,35,2
2905,489,31,5
2906,1402,8,5
2907,1068,2,1
2908,3256,2,2
2909,177,6,4
2910,410,44,1
2911,3735,38,5
2912,90,8,3
2913,1383,29,2
2914,3362,31,2
2915,3343,2,3
2916,169,36,2
2917,2147,9,3
2918,3855,15,3
2919,1788,15,1
2920,1091,3,1
2921,1783,1,5
2922,2737,37,5
2923,2367,4,5
2924,2449,30,4
2925,2598,16,5
2926,1121,29,3
2927,506,19,1
2928,2202,33,5
2929,2914,17,4
2930,1285,32,4
2931,2965,29,5
2932,1793,42,5
2933,2218,19,5
2934,1403,24,5
2935,3320,27,4
2936,2659,2,5
2937,3470,42,5
2938,3881,30,3
2939,3555,29,2
2940,3399,9,4
2941,1231,49,3
2942,2563,26,5
2943,2563,23,1
2944,2357,31,2
2945,3554,38,4
2946,3625,27,5
2947,3414,42,2
2948,2444,13,3
2949,3787,1,3
2950,976,48,2
2951,3109,14,1
2952,2892,45,2
2953,3489,14,2
2954,923,16,5
2955,3452,29,5
2956,3056,47,5
2957,2333,22,5
2958,3037,41,4
2959,2460,11,2
2960,999,47,3
2961,2080,4,2
2962,3997,8,4
2963,3401,3,2
2964,2071,14,3
2965,412,22,5
2966,912,2,4
2967,2740,7,3
2968,2228,46,2
2969,2371,37,2
2970,238,18,3
2971,3074,27,2
2972,3497,3,4
2973,2917,41,1
2974,595,15,5
2975,175,48,1
2976,17,24,1
2977,1453,3,4
2978,1014,25,2
2979,2726,18,5
2980,3887,36,4
2981,2291,12,4
2982,2484,11,5
2983,2817,50,5
2984,1690,16,1
2985,85,34,5
2986,3528,48,3
2987,2759,48,5
2988,2553,5,1
2989,490,10,3
2990,1968,16,1
2991,1117,7,4
2992,3650,33,2
2993,1193,13,3
2994,207,7,2
2995,1484,19,3
2996,749,7,2
2997,1947,47,1
2998,3016,41,2
2999,3081,20,2
3000,1224,15,1
3001,938,15,5
3002,2463,32,1
3003,327,48,5
3004,2808,47,3
3005,2339,15,5
3006,1839,14,3
3007,3182,39,1
3008,404,4,4
3009,447,8,3
3010,1880,32,1
3011,596,27,5
3012,891,14,4
3013,2793,39,1
3014,1981,33,2
3015,463,38,1
3016,2878,19,3
3017,1840,30,1
3018,1485,35,3
3019,290,21,4
3020,377,13,1
3021,1681,43,5
3022,780,16,3
3023,417,40,4
3024,915,26,2
3025,1414,42,3
3026,1392,46,3
3027,847,2,1
3028,1024,38,2
3029,2745,39,5
3030,1677,20,4
3031,3800,11,2
3032,1998,37,4
3033,1604,17,3
3034,387,10,2
3035,3892,7,5
3036,114,15,2
3037,2500,7,4
3038,3491,20,4
3039,2217,28,5
3040,2082,12,5
3041,284,46,2
3042,3052,3,3
3043,3918,2,1
3044,1546,20,3
3045,822,26,5
3046,2812,50,3
3047,2060,27,5
3048,2064,9,3
3049,3207,14,3
3050,1127,14,4
3051,2651,12,4
3052,1501,26,4
3053,2326,27,1
3054,584,17,1
3055,2659,41,3
3056,2993,45,2
3057,3875,35,2
3058,982,29,2
3059,1360,15,4
3060,3365,34,3
3061,995,2,1
3062,1192,48,2
3063,3419,17,2
3064,243,9,5
3065,176,36,2
3066,2233,41,3
3067,3728,8,4
3068,2958,49,5
3069,2616,2,2
3070,3984,37,2
3071,809,33,1
3072,77,31,3
3073,3147,11,4
3074,2738,41,5
3075,2384,22,3
3076,2653,3,4
3077,302,49,4
3078,87,8,5
3079,1533,32,5
3080,3398,40,2
3081,1091,24,2
3082,3979,4,5
3083,191,33,5
3084,3413,17,1
3085,3746,11,1
3086,683,47,1
3087,1308,28,4
3088,3239,16,1
3089,1672,36,2
3090,3628,15,4
3091,2170,38,5
3092,1087,43,2
3093,2557,41,3
3094,2879,17,5
3095,1549,45,3
3096,848,31,1
3097,3598,42,2
3098,1762,41,2
3099,2489,2,4
3100,3348,37,2
3101,1578,38,1
3102,3016,9,5
3103,1167,21,2
3104,3223,10,3
3105,694,42,3
3106,3811,9,4
3107,3386,17,2
3108,338,15,3
3109,1349,44,2
3110,598,11,1
3111,3518,23,1
3112,2144,21,1
3113,2195,25,1
3114,783,12,1
3115,3873,17,3
3116,2627,42,2
3117,3619,1,1
3118,550,37,3
3119,2247,14,4
3120,575,18,2
3121,1141,14,4
3122,1512,20,4
3123,3781,7,3
3124,1103,23,2
3125,1793,27,1
3126,1781,4,4
3127,3004,3,2
3128,1460,48,4
3129,3011,25,4
3130,814,49,4
3131,1176,2,5
3132,1963,31,2
3133,2945,50,3
3134,981,22,2
3135,430,32,4
3136,3630,35,2
3137,785,5,3
3138,3129,29,2
3139,465,24,3
3140,3669,15,3
3141,2553,27,3
3142,1371,3,1
3143,2329,9,4
3144,1024,10,2
3145,3003,33,1
3146,3516,48,4
3147,1067,15,2
3148,2220,30,3
3149,2177,43,1
3150,3892,38,5
3151,3338,48,2
3152,3893,23,1
3153,2835,14,4
3154,2172,44,5
3155,3282,12,4
3156,2710,9,2
3157,2574,5,3
3158,611,14,3
3159,1645,49,3
3160,2076,29,3
3161,1473,8,3
3162,2216,19,1
3163,2727,27,2
3164,1202,17,3
3165,2125,21,2
3166,2019,47,4
3167,2132,39,1
3168,3063,22,2
3169,1243,49,3
3170,3873,17,5
3171,1115,50,4
3172,513,26,4
3173,3504,14,3
3174,842,12,3
3175,2867,6,4
3176,288,35,5
3177,1025,30,1
3178,2838,48,5
3179,1748,2,2
3180,1984,15,5
3181,3658,41,3
3182,97,22,3
3183,3336,8,5
3184,1617,15,3
3185,2918,20,1
3186,2764,13,1
3187,1212,13,1
3188,3955,21,1
3189,2931,47,2
3190,656,18,1
3191,1181,12,5
3192,3976,19,5
3193,750,17,5
3194,3766,42,2
3195,2698,23,4
3196,3240,2,4
3197,2914,20,1
3198,1204,33,5
3199,1293,8,2
3200,2967,7,4
3201,3643,49,2
3202,2448,15,1
3203,1660,44,1
3204,1200,15,1
3205,2080,6,1
3206,796,46,3
3207,3948,18,3
3208,2722,15,3
3209,2286,45,5
3210,2703,21,4
3211,1125,35,5
3212,722,42,5
3213,1466,45,5
3214,1575,33,4
3215,3309,49,3
3216,2394,26,2
3217,2774,38,2
3218,449,49,5
3219,1242,7,4
3220,3239,33,4
3221,122,47,2
3222,2863,26,5
3223,2644,42,5
3224,2864,48,4
3225,3018,16,2
3226,463,41,5
3227,2510,6,3
3228,2333,37,3
3229,3278,5,2
3230,1874,6,2
3231,2167,40,4
3232,2050,29,3
3233,289,47,4
3234,1211,8,2
3235,3653,1,1
3236,109,3,1
3237,222,4,2
3238,1972,23,4
3239,3840,6,2
3240,992,16,2
3241,14,18,5
3242,286,18,5
3243,2117,2,5
3244,3347,3,1
3245,2219,39,5
3246,1774,17,2
3247,2624,15,1
3248,1060,39,2
3249,136,21,4
3250,1017,49,3
3251,1863,9,3
3252,2990,16,3
3253,1736,22,2
3254,1388,6,2
3255,3247,45,4
3256,693,35,4
3257,3078,21,2
3258,2176,10,5
3259,1545,32,5
3260,3509,9,4
3261,559,31,5
3262,2466,2,4
3263,1208,1,1
3264,1840,46,3
3265,849,42,1
3266,328,5,4
3267,2045,23,4
3268,3334,3,2
3269,1863,15,5
3270,3214,7,4
3271,1715,19,3
3272,20,49,1
3273,933,21,1
3274,1598,45,1
3275,3993,10,1
3276,3473,14,3
3277,3907,24,1
3278,3995,23,5
3279,3466,29,1
3280,3671,24,1
3281,3041,20,3
3282,2726,49,5
3283,1620,10,1
3284,2399,18,4
3285,71,8,1
3286,3569,39,3
3287,1039,36,1
3288,2353,30,3
3289,3183,42,5
3290,368,30,5
3291,3409,6,1
3292,3043,21,5
3293,945,15,2
3294,109,38,1
3295,2791,39,1
3296,2133,41,5
3297,3773,8,3
3298,3368,26,2
3299,1700,28,5
3300,3611,1,5
3301,1727,37,5
3302,2397,18,4
3303,1078,2,4
3304,3558,21,5
3305,2516,40,5
3306,3988,8,1
3307,387,44,1
3308,3240,37,5
3309,1757,10,2
3310,968,11,2
3311,2403,19,3
3312,1944,48,2
3313,3939,30,3
3314,714,17,3
3315,1649,19,4
3316,3507,7,1
3317,2109,19,5
3318,1369,21,1
3319,3649,4,1
3320,3076,21,1
3321,1955,3,4
3322,1029,30,1
3323,149,16,2
3324,2775,17,3
3325,1192,28,2
3326,538,49,5
3327,1879,20,1
3328,3936,49,5
3329,2704,16,1
3330,2796,20,5
3331,3891,27,5
3332,2956,34,1
3333,769,35,3
3334,2708,7,5
3335,1033,34,5
3336,3132,33,4
3337,472,21,4
3338,3817,20,4
3339,2922,4,1
3340,2244,14,4
3341,2882,40,4
3342,366,38,1
3343,2744,16,5
3344,221,10,4
3345,3287,12,2
3346,2252,17,2
3347,1769,50,1
3348,1342,4,4
3349,2207,27,4
3350,3126,28,3
3351,1090,10,1
3352,962,50,1
3353,1603,9,2
3354,916,47,3
3355,3620,45,4
3356,2232,44,2
3357,3464,6,1
3358,3745,6,4
3359,1814,40,5
3360,1835,2,2
3361,3757,35,1
3362,3973,8,2
3363,2302,31,2
3364,3938,25,4
3365,3661,31,5
3366,3195,19,2
3367,3394,20,1
3368,2281,16,1
3369,361,26,2
3370,3648,18,5
3371,2022,16,1
3372,1726,28,4
3373,1684,31,5
3374,203,19,1
3375,3322,16,4
3376,2226,23,5
3377,1064,29,2
3378,2306,46,5
3379,3815,22,4
3380,965,13,1
3381,3618,46,2
3382,308,22,1
3383,3542,47,1
3384,2346,34,2
3385,1279,17,3
3386,2195,10,3
3387,2949,50,1
3388,31,22,3
3389,1614,28,3
3390,653,15,4
3391,275,16,4
3392,472,48,1
3393,2602,16,5
3394,3144,39,3
3395,1883,37,2
3396,2563,1,4
3397,2006,33,4
3398,321,35,4
3399,914,38,4
3400,3401,19,4
3401,1029,44,3
3402,464,21,4
3403,3476,28,4
3404,472,50,2
3405,1088,22,3
3406,3792,30,4
3407,471,44,3
3408,3507,4,3
3409,3301,8,5
3410,327,23,4
3411,1849,42,4
3412,135,47,3
3413,1241,13,5
3414,260,6,2
3415,3445,15,3
3416,2475,38,2
3417,2133,39,4
3418,1395,3,2
3419,2393,25,5
3420,1167,39,5
3421,3489,44,1
3422,2909,38,2
3423,3969,10,5
3424,3746,15,5
3425,3073,22,2
3426,687,22,4
3427,3723,43,2
3428,3715,13,2
3429,1220,1,5
3430,3100,44,2
3431,2459,15,2
3432,366,46,3
3433,319,10,4
3434,3017,10,2
3435,1200,9,4
3436,296,7,4
3437,1684,40,5
3438,2345,5,4
3439,1294,23,2
3440,2440,33,4
3441,1371,44,4
3442,2016,15,4
3443,1804,30,5
3444,2776,21,3
3445,3491,50,2
3446,2678,40,4
3447,3223,18,5
3448,18,25,4
3449,2308,5,3
3450,2610,12,2
3451,564,39,3
3452,2211,47,1
3453,642,40,3
3454,833,40,5
3455,3512,12,5
3456,2696,37,1
3457,2464,36,1
3458,2634,30,4
3459,1948,14,2
3460,3460,6,5
3461,3061,2,4
3462,1729,31,5
3463,2891,17,3
3464,3983,21,2
3465,1293,30,5
3466,3159,6,5
3467,1768,9,4
3468,62,9,2
3469,1257,36,1
3470,1728,18,2
3471,1223,45,1
3472,2831,23,5
3473,1593,46,3
3474,3629,43,1
3475,1951,41,4
3476,2066,50,2
3477,2479,5,1
3478,3334,11,5
3479,1644,46,4
3480,2199,37,3
3481,2613,3,1
3482,2027,23,4
3483,2062,16,2
3484,3127,43,4
3485,1746,40,4
3486,1899,32,4
3487,1245,19,4
3488,2033,20,4
3489,778,39,4
3490,2544,24,4
3491,2523,28,4
3492,2699,30,3
3493,1874,41,4
3494,3831,8,3
3495,2461,19,3
3496,2282,21,1
3497,617,1,4
3498,3470,27,4
3499,2423,48,2
3500,2398,38,3
3501,3330,3,4
3502,2897,47,3
3503,3331,28,4
3504,2011,31,5
3505,3407,26,3
3506,2115,18,2
3507,1968,41,1
3508,729,24,3
3509,1967,31,3
3510,455,30,3
3511,3643,16,3
3512,959,41,3
3513,3408,4,4
3514,1191,31,3
3515,2412,4,5
3516,3913,5,4
3517,3756,28,1
3518,3964,14,1
3519,3758,16,3
3520,785,11,3
3521,176,31,1
3522,127,44,4
3523,3191,28,1
3524,598,27,1
3525,2734,22,5
3526,550,8,3
3527,18,33,1
3528,272,8,4
3529,3369,12,4
3530,3376,4,1
3531,2472,13,3
3532,3769,43,2
3533,1473,29,4
3534,2926,4,2
3535,2494,47,5
3536,1444,19,1
3537,1452,27,4
3538,2072,44,2
3539,3687,42,2
3540,808,14,3
3541,1732,5,5
3542,304,33,4
3543,3808,42,1
3544,2862,5,4
3545,979,30,3
3546,300,35,4
3547,1131,9,1
3548,2360,33,1
3549,2348,18,2
3550,1772,29,2
3551,3685,40,4
3552,3366,47,1
3553,3296,4,4
3554,3397,38,4
3555,735,21,1
3556,3902,21,1
3557,2273,20,3
3558,3239,30,3
3559,1086,12,2
3560,3185,22,3
3561,2519,12,1
3562,951,6,2
3563,1041,6,4
3564,567,3,5
3565,1887,2,4
3566,1720,21,4
3567,1460,21,1
3568,2577,32,1
3569,3894,41,3
3570,2725,39,4
3571,1743,38,5
3572,3517,32,3
3573,596,19,5
3574,1868,6,5
3575,2041,1,5
3576,1508,3,2
3577,343,45,1
3578,1617,36,4
3579,1467,3,2
3580,1296,42,3
3581,648,25,5
3582,2527,13,5
3583,180,38,4
3584,1088,13,2
3585,3099,38,3
3586,2283,8,1
3587,592,35,1
3588,1953,24,4
3589,2802,21,1
3590,3583,26,4
3591,3071,18,1
3592,1731,50,1
3593,3433,22,3
3594,1664,24,5
3595,3150,28,1
3596,2930,13,4
3597,2535,49,3
3598,1718,45,2
3599,2325,40,2
3600,3008,14,5
3601,1656,1,3
3602,669,23,2
3603,435,40,2
3604,1845,43,1
3605,685,38,4
3606,667,12,2
3607,2715,19,2
3608,3957,35,5
3609,3791,18,5
3610,1092,27,2
3611,1880,6,1
3612,2451,42,3
3613,1889,17,4
3614,2710,1,3
3615,2830,2,4
3616,707,44,4
3617,2873,37,4
3618,2898,18,5
3619,681,28,1
3620,3315,10,5
3621,125,2,4
3622,1436,3,4
3623,28,29,3
3624,149,18,2
3625,1088,9,3
3626,1338,31,3
3627,1690,43,2
3628,3939,36,2
3629,2354,13,5
3630,1080,50,4
3631,1346,17,3
3632,3211,35,5
3633,1533,39,2
3634,3080,28,1
3635,3366,41,4
3636,2170,42,2
3637,2282,39,4
3638,1533,41,5
3639,3794,12,4
3640,672,20,3
3641,2755,39,4
3642,3731,24,1
3643,1066,18,5
3644,3011,27,2
3645,3197,21,2
3646,1985,43,1
3647,3454,5,5
3648,1055,46,2
3649,34,3,1
3650,72,35,3
3651,2660,21,4
3652,1478,9,4
3653,1806,23,3
3654,1169,18,3
3655,2054,22,4
3656,2404,40,5
3657,417,20,4
3658,1512,33,2
3659,1678,26,2
3660,998,47,4
3661,3087,44,1
3662,1474,10,3
3663,333,50,5
3664,2112,35,1
3665,1477,27,4
3666,1809,32,2
3667,3060,47,4
3668,3756,13,2
3669,134,34,4
3670,2000,31,5
3671,592,20,1
3672,1738,50,5
3673,3139,19,3
3674,2933,6,2
3675,1797,23,2
3676,2072,21,3
3677,2269,39,3
3678,79,21,4
3679,1325,7,5
3680,298,17,5
3681,3580,18,1
3682,3761,13,3
3683,703,21,1
3684,3007,48,5
3685,3026,30,1
3686,3107,33,1
3687,1815,41,3
3688,3519,49,1
3689,3447,26,2
3690,1093,11,1
3691,918,5,3
3692,2273,45,5
3693,363,47,3
3694,3882,31,4
3695,3128,13,5
3696,1425,34,3
3697,1330,14,1
3698,2007,18,3
3699,3983,20,4
3700,2757,25,1
3701,1054,10,5
3702,1147,49,3
3703,19,45,5
3704,3397,44,2
3705,463,5,5
3706,2532,36,1
3707,1818,38,1
3708,762,10,5
3709,1103,31,1
3710,1485,29,3
3711,1994,14,4
3712,2105,41,5
3713,3877,22,5
3714,3776,23,3
3715,3567,50,5
3716,3471,47,4
3717,3641,22,2
3718,1146,23,5
3719,479,13,5
3720,814,15,4
3721,627,32,3
3722,586,3,5
3723,3476,43,1
3724,3971,39,1
3725,3683,36,4
3726,233,48,3
3727,3345,25,3
3728,1919,50,1
3729,2750,47,3
3730,1068,20,1
3731,234,49,2
3732,3289,16,4
3733,904,40,3
3734,1845,27,5
3735,1237,18,1
3736,1611,34,2
3737,526,19,5
3738,3144,17,1
3739,766,9,4
3740,638,20,1
3741,2110,33,5
3742,3101,19,4
3743,2227,4,5
3744,1945,35,1
3745,1028,40,3
3746,1588,8,5
3747,2737,6,3
3748,2159,26,1
3749,2846,35,3
3750,2297,11,1
3751,2885,13,2
3752,379,49,1
3753,2499,36,4
3754,1274,6,1
3755,3838,41,5
3756,3842,8,5
3757,3327,17,5
3758,1128,14,5
3759,3959,3,5
3760,2279,8,1
3761,2139,27,3
3762,125,33,4
3763,1510,43,1
3764,2569,9,5
3765,132,33,2
3766,125,36,5
3767,1937,35,4
3768,3117,26,4
3769,3487,47,4
3770,3122,17,4
3771,3550,26,1
3772,2168,40,2
3773,1816,31,4
3774,2331,29,3
3775,1834,18,2
3776,3521,36,3
3777,2974,14,4
3778,3638,24,5
3779,2800,6,2
3780,2985,30,5
3781,2925,6,4
3782,1583,42,1
3783,341,12,1
3784,2208,16,1
3785,3502,33,3
3786,3222,4,4
3787,2328,22,2
3788,3788,3,5
3789,2091,41,2
3790,1975,47,2
3791,864,34,5
3792,1525,31,5
3793,1097,41,4
3794,2008,22,3
3795,2509,15,4
3796,3600,37,5
3797,2769,11,1
3798,2278,13,2
3799,3478,43,4
3800,1731,15,2
3801,2517,21,4
3802,1143,6,5
3803,2268,36,4
3804,1298,49,2
3805,3410,33,5
3806,3689,34,3
3807,1612,18,2
3808,2671,48,1
3809,928,26,1
3810,652,46,5
3811,1719,24,4
3812,614,44,3
3813,3280,23,3
3814,1839,48,1
3815,813,25,4
3816,1638,8,3
3817,3240,7,2
3818,241,47,5
3819,1996,13,4
3820,2102,7,5
3821,2905,10,3
3822,283,36,2
3823,579,16,2
3824,1269,31,4
3825,2934,36,1
3826,1807,31,2
3827,3335,8,5
3828,2268,21,1
3829,1180,12,4
3830,3538,27,2
3831,3978,5,3
3832,955,3,5
3833,565,12,1
3834,1112,38,2
3835,685,5,5
3836,2292,42,4
3837,1722,50,1
3838,2593,33,4
3839,3887,47,3
3840,3053,33,4
3841,2748,9,2
3842,2689,23,4
3843,1777,36,3
3844,3596,39,5
3845,2883,11,5
3846,2987,46,1
3847,1576,21,3
3848,508,23,4
3849,3787,1,5
3850,2946,36,2
3851,3591,10,3
3852,3271,40,2
3853,1353,31,2
3854,2784,44,2
3855,828,4,5
3856,1476,43,2
3857,841,39,2
3858,1534,38,4
3859,3282,10,2
3860,3333,43,1
3861,3652,14,3
3862,2668,2,3
3863,3980,7,2
3864,354,4,5
3865,3700,2,3
3866,2889,26,2
3867,2854,38,4
3868,3952,41,1
3869,2355,40,1
3870,538,15,3
3871,370,38,1
3872,3059,22,2
3873,2620,49,4
3874,740,8,3
3875,345,40,3
3876,3991,28,1
3877,3280,4,4
3878,1947,1,3
3879,2715,19,1
3880,3374,48,3
3881,3881,27,2
3882,3205,20,5
3883,2633,1,5
3884,3816,36,4
3885,3472,5,3
3886,1690,13,1
3887,254,43,3
3888,1821,9,4
3889,2136,20,5
3890,612,5,2
3891,1453,1,1
3892,2709,24,1
3893,1885,37,3
3894,3941,12,5
3895,160,28,3
3896,3271,44,4
3897,536,44,5
3898,2726,2,1
3899,823,20,3
3900,3339,33,3
3901,922,2,1
3902,2906,19,2
3903,2874,49,3
3904,906,31,1
3905,1148,7,4
3906,832,28,5
3907,228,32,2
3908,3871,5,5
3909,2774,32,5
3910,1204,45,2
3911,946,5,5
3912,3999,28,2
3913,511,46,3
3914,287,17,4
3915,902,25,4
3916,1264,12,4
3917,3700,47,4
3918,2933,45,2
3919,3551,16,4
3920,3055,4,1
3921,1538,38,5
3922,1508,48,2
3923,605,13,1
3924,2019,28,3
3925,1504,37,1
3926,2559,32,4
3927,1335,21,2
3928,173,31,3
3929,3082,24,1
3930,2476,50,3
3931,3225,34,4
3932,141,32,5
3933,1845,46,1
3934,3569,40,1
3935,2591,14,3
3936,1969,13,2
3937,846,45,3
3938,2659,47,3
3939,1537,8,5
3940,2438,1,3
3941,3166,25,1
3942,3488,42,4
3943,3049,37,2
3944,661,29,5
3945,1790,29,1
3946,2573,27,2
3947,2433,14,2
3948,505,29,4
3949,1461,50,1
3950,3141,7,1
3951,1525,19,4
3952,3147,39,2
3953,809,6,5
3954,2971,4,5
3955,163,18,2
3956,3219,35,2
3957,1725,30,2
3958,2918,12,3
3959,3983,44,5
3960,3126,29,3
3961,2798,12,2
3962,2947,16,1
3963,235,46,3
3964,1629,8,4
3965,259,11,5
3966,3535,49,4
3967,1072,43,2
3968,229,17,4
3969,3266,41,5
3970,3681,34,3
3971,2311,31,1
3972,105,21,1
3973,2787,6,5
3974,1452,25,4
3975,1804,39,3
3976,1509,13,5
3977,2066,20,2
3978,2389,22,3
3979,475,21,1
3980,966,18,5
3981,1874,41,3
3982,2460,32,5
3983,1025,49,2
3984,553,6,5
3985,1416,29,5
3986,3201,1,5
3987,2798,33,2
3988,971,7,1
3989,514,8,1
3990,3365,1,3
3991,258,22,4
3992,3405,13,1
3993,2365,36,4
3994,2816,33,2
3995,3201,40,2
3996,1191,9,3
3997,3753,23,3
3998,3980,41,3
3999,1625,17,1
4000,1085,46,2
4001,1681,37,3
4002,289,38,2
4003,386,8,1
4004,448,49,1
4005,566,36,2
4006,2506,43,1
4007,1245,21,1
4008,730,49,3
4009,3844,2,3
4010,3535,21,4
4011,1728,24,3
4012,681,22,5
4013,2408,4,2
4014,1048,44,3
4015,987,8,2
4016,52,4,4
4017,1481,4,1
4018,1066,16,2
4019,671,25,1
4020,2896,17,3
4021,1022,36,4
4022,2081,24,2
4023,633,6,1
4024,2039,50,2
4025,3409,12,5
4026,3801,2,2
4027,3505,3,3
4028,3300,17,2
4029,604,34,5
4030,2977,19,3
4031,3817,40,4
4032,3282,44,5
4033,974,33,1
4034,582,38,5
4035,1704,46,2
4036,1315,46,1
4037,1962,15,3
4038,3642,17,1
4039,2313,2,1
4040,2622,9,5
4041,1166,14,4
4042,186,4,1
4043,2241,37,4
4044,541,21,3
4045,3730,36,4
4046,2781,37,1
4047,2042,25,4
4048,2493,36,4
4049,3488,13,1
4050,3495,29,2
4051,1065,33,4
4052,157,49,2
4053,1644,30,3
4054,197,20,5
4055,820,15,4
4056,1709,35,1
4057,1658,49,3
4058,679,47,4
4059,2761,24,4
4060,3974,40,5
4061,1429,9,2
4062,3534,40,2
4063,2104,9,5
4064,2361,25,4
4065,795,4,4
4066,2472,37,4
4067,1368,26,5
4068,1986,6,4
4069,3494,5,5
4070,1243,16,2
4071,3869,26,3
4072,1715,30,4
4073,3623,18,1
4074,2332,21,2
4075,2006,47,4
4076,2613,40,5
4077,580,11,3
4078,1981,26,1
4079,3152,34,5
4080,2061,2,2
4081,3476,30,5
4082,3066,19,2
4083,2519,18,1
4084,370,23,5
4085,422,12,1
4086,2188,50,5
4087,1943,19,4
4088,2556,1,1
4089,3139,6,5
4090,199,27,3
4091,1241,50,5
4092,1566,27,3
4093,3120,27,2
4094,2034,22,3
4095,2588,21,2
4096,374,44,5
4097,881,39,3
4098,2449,12,2
4099,345,20,4
4100,990,38,5
4101,3030,21,4
4102,2793,26,3
4103,3306,1,2
4104,1434,17,1
4105,727,18,2
4106,2310,14,2
4107,3916,12,2
4108,3382,26,3
4109,3125,49,5
4110,3467,17,4
4111,1715,26,5
4112,1042,27,3
4113,3566,37,3
4114,1661,33,4
4115,1183,28,1
4116,2908,9,2
4117,1355,19,5
4118,1975,44,3
4119,2899,35,4
4120,2775,47,3
4121,2568,9,2
4122,618,24,2
4123,3105,3,4
4124,3806,15,1
4125,3743,50,1
4126,1999,23,3
4127,105,30,5
4128,3341,36,1
4129,3437,35,5
4130,3472,18,1
4131,2700,1,1
4132,3272,31,4
4133,577,30,1
4134,151,38,2
4135,3554,4,1
4136,1887,11,1
4137,2399,7,5
4138,1826,32,2
4139,2294,49,2
4140,284,30,1
4141,3164,30,4
4142,3698,35,1
4143,3078,3,3
4144,2601,14,1
4145,1964,24,2
4146,381,8,2
4147,27,13,5
4148,3107,33,1
4149,640,31,1
4150,52,40,4
4151,3769,50,1
4152,2307,32,2
4153,2150,37,5
4154,2703,47,4
4155,3532,19,1
4156,3858,34,4
4157,241,19,4
4158,1118,28,3
4159,1426,31,5
4160,2595,28,4
4161,3141,2,4
4162,1184,50,3
4163,3780,20,4
4164,3338,39,4
4165,3033,10,2
4166,2567,24,5
4167,3047,38,5
4168,3695,50,4
4169,1928,27,1
4170,316,30,1
4171,2904,41,2
4172,1186,36,4
4173,861,41,3
4174,843,39,4
4175,1209,42,4
4176,425,43,1
4177,343,45,1
4178,3022,4,3
4179,824,7,4
4180,1221,48,4
4181,3579,2,3
4182,2227,5,4
4183,2298,8,5
4184,717,31,4
4185,1872,25,5
4186,2201,4,5
4187,1731,31,5
4188,3899,48,5
4189,677,39,4
4190,2092,19,1
4191,1643,46,5
4192,558,41,3
4193,3489,17,4
4194,1888,47,5
4195,3953,25,2
4196,1136,36,3
4197,1309,29,1
4198,2505,7,5
4199,2137,28,3
4200,1897,27,4
4201,430,40,5
4202,3679,42,3
4203,2954,8,4
4204,1354,12,1
4205,3077,49,2
4206,27,22,2
4207,1522,33,5
4208,3445,38,5
4209,1612,50,4
4210,3188,10,5
4211,2704,33,1
4212,3876,1,5
4213,1533,33,5
4214,3181,8,2
4215,2580,38,2
4216,1426,10,3
4217,688,39,3
4218,608,4,2
4219,3153,16,4
4220,2642,21,4
4221,2833,31,1
4222,1294,23,2
4223,1061,43,5
4224,2140,46,2
4225,34,25,4
4226,727,3,2
4227,3271,36,3
4228,2654,36,2
4229,3959,31,1
4230,1640,43,2
4231,2499,13,4
4232,1160,20,3
4233,3443,41,1
4234,657,24,5
4235,333,16,3
4236,2392,1,5
4237,2847,18,1
4238,3035,15,4
4239,2539,41,2
4240,1524,50,5
4241,342,14,4
4242,1280,1,3
4243,2152,17,5
4244,1731,39,2
4245,1521,48,2
4246,1732,48,2
4247,3681,16,1
4248,3887,30,5
4249,670,14,5
4250,3482,34,2
4251,3758,32,2
4252,2386,34,5
4253,3427,33,1
4254,397,29,4
4255,3241,13,2
4256,3989,34,4
4257,2623,20,3
4258,3648,13,1
4259,992,23,3
4260,3864,22,3
4261,2394,29,2
4262,53,16,5
4263,319,15,3
4264,1917,47,2
4265,339,50,5
4266,1450,50,5
4267,504,19,3
4268,1194,29,3
4269,2243,47,4
4270,2617,6,4
4271,1524,44,2
4272,3879,13,1
4273,2286,31,3
4274,2910,42,5
4275,3155,38,4
4276,696,14,4
4277,783,39,2
4278,2281,11,5
4279,256,40,4
4280,843,25,2
4281,326,42,3
4282,3741,46,5
4283,258,25,5
4284,3095,45,2
4285,1998,41,4
4286,1084,50,4
4287,1409,40,3
4288,872,2,3
4289,35,21,4
4290,3277,29,3
4291,710,28,2
4292,361,27,2
4293,2447,45,3
4294,387,2,3
4295,2984,39,1
4296,990,33,2
4297,1763,16,3
4298,3667,10,3
4299,818,45,1
4300,3036,9,2
4301,2903,18,4
4302,2696,4,3
4303,61,4,3
4304,2781,9,2
4305,3700,5,3
4306,366,28,5
4307,2494,28,4
4308,2843,48,5
4309,2882,24,3
4310,2117,42,1
4311,2753,12,5
4312,2730,17,3
4313,769,32,2
4314,918,30,5
4315,2954,22,2
4316,1405,50,4
4317,2813,31,1
4318,832,10,3
4319,3006,5,3
4320,2995,18,2
4321,2941,28,2
4322,1008,6,4
4323,1394,47,1
4324,19,5,2
4325,432,24,2
4326,2286,47,5
4327,3354,21,3
4328,3711,27,3
4329,2912,20,5
4330,1861,29,1
4331,1939,44,5
4332,2163,41,2
4333,91,39,5
4334,1759,36,3
4335,1879,37,4
4336,1202,3,2
4337,2866,48,4
4338,2456,36,2
4339,2772,18,4
4340,3985,33,1
4341,971,36,2
4342,3627,7,1
4343,3375,16,3
4344,251,23,3
4345,41,25,5
4346,3466,44,5
4347,1357,5,3
4348,3334,18,3
4349,3216,17,1
4350,3154,17,2
4351,2016,24,2
4352,2918,48,1
4353,2783,39,2
4354,1573,28,4
4355,3504,13,4
4356,533,31,2
4357,2383,48,5
4358,3531,26,4
4359,1178,10,5
4360,3678,47,5
4361,1714,33,3
4362,3573,41,5
4363,3483,32,4
4364,2259,34,5
4365,3002,40,2
4366,855,42,1
4367,873,12,3
4368,648,11,1
4369,1515,19,4
4370,2637,40,2
4371,1286,28,3
4372,3597,36,3
4373,2896,25,1
4374,3676,32,5
4375,2025,44,3
4376,362,24,3
4377,3581,5,4
4378,1256,7,1
4379,3914,23,2
4380,3066,37,4
4381,3337,5,3
4382,2649,30,4
4383,2179,26,4
4384,888,34,5
4385,1295,15,2
4386,1832,35,2
4387,558,30,1
4388,2899,50,3
4389,3388,32,4
4390,1376,41,2
4391,1106,11,3
4392,2609,1,1
4393,3957,13,1
4394,745,23,4
4395,1892,38,4
4396,1974,24,4
4397,2572,42,4
4398,1269,21,1
4399,2539,1,3
4400,2360,38,3
4401,1120,4,1
4402,2128,2,2
4403,2868,22,3
4404,3006,18,4
4405,1297,28,5
4406,1527,18,1
4407,32,39,5
4408,403,33,3
4409,2304,10,5
4410,1530,26,3
4411,693,32,1
4412,73,38,2
4413,1125,20,5
4414,526,25,3
4415,2302,48,3
4416,3122,43,1
4417,2221,12,2
4418,2693,44,2
4419,2171,44,5
4420,2475,4,5
4421,511,37,2
4422,1747,7,2
4423,1773,7,5
4424,3948,46,5
4425,2231,26,4
4426,1600,41,4
4427,3836,7,3
4428,2314,40,1
4429,1876,48,1
4430,3271,9,2
4431,3138,10,1
4432,3251,36,5
4433,3781,35,5
4434,3203,49,1
4435,3866,41,5
4436,1136,16,4
4437,2174,7,4
4438,262,31,3
4439,1175,7,4
4440,982,32,3
4441,3360,44,2
4442,1149,15,2
4443,918,36,5
4444,1925,47,5
4445,3604,38,3
4446,1249,8,1
4447,247,28,4
4448,2876,33,1
4449,1023,2,4
4450,119,32,1
4451,1709,12,3
4452,692,36,1
4453,2230,46,1
4454,2365,3,3
4455,3247,12,2
4456,2939,22,4
4457,3992,8,4
4458,467,26,5
4459,1848,24,4
4460,929,29,1
4461,3864,35,3
4462,555,19,5
4463,1551,8,4
4464,942,18,5
4465,1579,4,3
4466,2144,9,5
4467,3372,20,5
4468,18,14,4
4469,41,43,1
4470,3539,34,5
4471,360,19,2
4472,304,17,3
4473,22,1,5
4474,2929,13,4
4475,1559,13,5
4476,597,44,2
4477,2650,16,1
4478,555,7,2
4479,274,17,1
4480,1971,32,3
4481,874,45,1
4482,373,41,4
4483,103,12,4
4484,2277,11,5
4485,2238,45,1
4486,1102,8,4
4487,1461,19,5
4488,1846,4,3
4489,714,18,2
4490,3845,12,5
4491,2279,46,1
4492,3115,10,3
4493,182,23,5
4494,2085,8,2
4495,2997,45,2
4496,1616,34,5
4497,3873,35,5
4498,2601,18,3
4499,144,48,4
4500,225,16,1
4501,3453,41,4
4502,2774,34,5
4503,1954,20,5
4504,1470,41,1
4505,3151,27,1
4506,2627,49,1
4507,3637,2,2
4508,2079,49,5
4509,1429,24,5
4510,2615,12,4
4511,2078,41,5
4512,3138,8,1
4513,3626,28,3
4514,3799,20,3
4515,597,11,4
4516,2543,39,1
4517,156,11,1
4518,425,16,4
4519,2731,15,5
4520,3758,25,4
4521,619,13,5
4522,2445,33,5
4523,1330,6,4
4524,1664,21,5
4525,3323,17,2
4526,1403,11,4
4527,1351,29,4
4528,204,34,2
4529,2269,9,1
4530,1740,12,5
4531,374,34,1
4532,3564,24,3
4533,81,38,3
4534,309,38,2
4535,1237,11,3
4536,2738,38,5
4537,1145,6,5
4538,677,26,4
4539,1737,22,3
4540,3554,3,4
4541,2773,9,3
4542,1184,44,2
4543,2219,44,3
4544,3956,13,1
4545,1104,3,1
4546,2136,42,4
4547,3209,3,4
4548,1011,36,5
4549,2526,11,1
4550,3580,11,1
4551,3337,24,4
4552,3826,5,1
4553,3313,31,4
4554,297,43,4
4555,702,16,3
4556,1657,21,1
4557,1815,30,1
4558,2704,33,5
4559,3792,5,1
4560,750,38,2
4561,32,30,3
4562,1795,48,5
4563,2559,26,3
4564,14,23,4
4565,1977,50,5
4566,1069,38,4
4567,1583,3,4
4568,1111,35,2
4569,270,47,3
4570,119,32,1
4571,3263,30,3
4572,927,41,1
4573,2733,17,2
4574,2427,33,4
4575,1269,31,4
4576,433,37,4
4577,103,40,4
4578,1832,43,3
4579,816,43,1
4580,2933,41,5
4581,1035,5,3
4582,82,34,5
4583,3854,47,4
4584,1975,9,2
4585,847,11,3
4586,3596,40,5
4587,2553,49,3
4588,1566,19,3
4589,418,40,3
4590,2308,16,3
4591,3982,23,2
4592,2348,40,1
4593,92,2,3
4594,2828,34,4
4595,2103,16,2
4596,3582,15,3
4597,132,43,2
4598,1583,12,4
4599,3811,48,1
4600,3550,3,4
4601,3462,15,4
4602,3480,40,3
4603,2212,34,5
4604,3897,36,2
4605,191,42,3
4606,873,33,2
4607,1227,11,5
4608,1397,3,4
4609,2959,43,4
4610,645,17,4
4611,2814,11,2
4612,1166,15,5
4613,2925,11,3
4614,3217,14,5
4615,690,31,4
4616,105,20,5
4617,2633,27,4
4618,1457,2,1
4619,1441,34,4
4620,3192,15,4
4621,2065,38,2
4622,3321,19,1
4623,1455,40,1
4624,80,40,4
4625,2246,8,5
4626,154,5,4
4627,2846,48,2
4628,3761,36,3
4629,3515,16,3
4630,2350,49,3
4631,2793,35,1
4632,2654,23,5
4633,974,43,3
4634,241,48,4
4635,3098,5,2
4636,3352,18,4
4637,2372,11,2
4638,3990,47,4
4639,2857,15,4
4640,961,4,4
4641,727,38,1
4642,448,32,2
4643,2811,8,4
4644,1777,41,4
4645,2273,36,3
4646,3685,47,3
4647,3568,35,2
4648,1155,50,3
4649,1630,20,2
4650,2779,23,3
4651,3946,33,1
4652,457,2,1
4653,3022,28,5
4654,1452,47,2
4655,2354,48,3
4656,3954,49,1
4657,3274,10,3
4658,3293,21,1
4659,2190,15,5
4660,3366,9,4
4661,2720,3,1
4662,1257,4,3
4663,225,45,4
4664,1179,4,1
4665,349,1,3
4666,2680,25,2
4667,1104,29,2
4668,435,45,4
4669,2111,18,1
4670,888,15,2
4671,1903,21,4
4672,1726,14,4
4673,3858,30,5
4674,2139,11,3
4675,450,30,2
4676,124,44,5
4677,3752,20,5
4678,608,45,2
4679,2489,2,2
4680,3011,50,5
4681,2061,4,1
4682,2435,38,5
4683,3558,49,5
4684,1701,31,4
4685,166,7,1
4686,3288,4,1
4687,1592,14,3
4688,3316,48,1
4689,969,11,5
4690,944,50,2
4691,2653,36,3
4692,1932,24,2
4693,1760,23,3
4694,946,35,5
4695,2043,20,4
4696,341,19,3
4697,2765,44,5
4698,493,41,3
4699,1296,47,3
4700,2725,15,1
4701,1222,8,2
4702,32,17,1
4703,2943,19,2
4704,3260,24,1
4705,285,41,1
4706,3661,28,4
4707,497,33,5
4708,1568,20,1
4709,3781,1,4
4710,2943,46,5
4711,3588,25,2
4712,3599,6,2
4713,1552,31,3
4714,3105,40,4
4715,3442,18,2
4716,1771,15,3
4717,415,17,3
4718,3179,11,3
4719,2003,15,5
4720,3321,34,5
4721,612,22,5
4722,2590,13,4
4723,3122,13,2
4724,1883,47,5
4725,3253,45,2
4726,3607,7,5
4727,717,22,5
4728,1251,44,3
4729,2756,48,5
4730,3768,22,4
4731,3755,36,2
4732,3508,8,4
4733,3997,30,3
4734,1731,26,2
4735,2957,25,4
4736,1898,43,2
4737,1835,32,3
4738,1699,41,2
4739,1291,31,1
4740,3372,39,2
4741,2533,2,3
4742,3932,6,2
4743,2180,13,3
4744,211,46,3
4745,212,48,5
4746,2655,17,1
4747,3447,10,2
4748,3422,22,2
4749,1712,12,2
4750,2096,26,2
4751,3533,12,2
4752,1327,43,3
4753,692,23,4
4754,596,25,5
4755,2441,23,1
4756,1945,50,5
4757,3111,25,2
4758,3505,18,5
4759,567,41,3
4760,3252,27,3
4761,1974,6,3
4762,2812,13,4
4763,3693,12,4
4764,2595,5,1
4765,3312,28,3
4766,1999,49,1
4767,3800,29,3
4768,218,31,2
4769,1317,1,1
4770,2662,46,1
4771,3362,25,5
4772,715,40,3
4773,3558,10,1
4774,3419,38,4
4775,2327,16,5
4776,3902,9,4
4777,1024,28,4
4778,1668,38,1
4779,3901,13,1
4780,3465,1,3
4781,2416,16,2
4782,1580,36,5
4783,3929,42,1
4784,3579,29,4
4785,2683,46,5
4786,1336,24,3
4787,68,42,5
4788,2538,9,2
4789,368,46,4
4790,3522,26,4
4791,2640,12,2
4792,2914,50,3
4793,301,38,1
4794,2830,36,2
4795,878,27,1
4796,552,35,1
4797,507,5,5
4798,2992,22,1
4799,1226,16,5
4800,1211,37,3
4801,2433,41,4
4802,104,7,3
4803,1558,23,2
4804,48,47,3
4805,213,22,3
4806,2564,1,4
4807,2481,29,4
4808,1569,22,1
4809,2969,42,2
4810,1482,22,4
4811,2310,19,5
4812,2444,11,1
4813,225,40,5
4814,3143,14,2
4815,3137,48,5
4816,1153,46,2
4817,3116,21,1
4818,3898,33,5
4819,819,33,3
4820,3873,44,1
4821,1173,35,5
4822,813,38,1
4823,3741,12,4
4824,3103,32,5
4825,2035,34,4
4826,2354,29,1
4827,2996,49,3
4828,1819,38,4
4829,172,41,1
4830,3128,16,2
4831,1558,14,5
4832,2932,2,4
4833,3198,33,1
4834,2408,12,2
4835,1041,13,1
4836,2171,46,4
4837,3471,48,2
4838,3157,32,2
4839,597,5,4
4840,3030,28,3
4841,1533,50,4
4842,3177,23,1
4843,780,2,5
4844,2332,39,4
4845,3432,41,2
4846,3267,8,1
4847,3870,33,3
4848,550,8,5
4849,1073,2,5
4850,3449,42,3
4851,1824,45,2
4852,2318,17,2
4853,1018,41,5
4854,1928,3,4
4855,2876,24,3
4856,1682,4,5
4857,2848,9,4
4858,2440,35,4
4859,3948,24,4
4860,780,13,5
4861,1610,36,4
4862,3172,22,4
4863,3715,41,4
4864,3142,16,2
4865,3624,47,5
4866,514,34,2
4867,3219,45,2
4868,1904,9,3
4869,3760,4,5
4870,2098,7,3
4871,3664,13,2
4872,1108,44,5
4873,3491,7,3
4874,1941,33,1
4875,2699,15,3
4876,2020,42,1
4877,1252,7,2
4878,3036,49,5
4879,13,28,5
4880,338,8,3
4881,365,32,3
4882,2809,6,2
4883,2658,36,2
4884,209,9,3
4885,3691,50,3
4886,473,32,1
4887,1498,21,3
4888,214,50,2
4889,493,18,1
4890,400,46,5
4891,992,34,3
4892,1947,27,5
4893,3105,30,5
4894,2067,44,2
4895,1765,21,4
4896,99,7,3
4897,1222,6,4
4898,3495,5,1
4899,66,23,3
4900,3629,27,1
4901,2345,2,3
4902,102,44,3
4903,1264,32,5
4904,1351,36,3
4905,722,39,3
4906,173,19,5
4907,1089,10,2
4908,3113,11,4
4909,182,36,1
4910,2722,28,2
4911,1552,29,3
4912,3422,47,3
4913,2060,4,3
4914,958,32,2
4915,2810,13,5
4916,3373,30,3
4917,2597,41,1
4918,3909,13,5
4919,2300,35,3
4920,3299,32,3
4921,2331,26,2
4922,523,42,5
4923,2179,26,4
4924,3428,44,3
4925,3350,6,4
4926,3840,1,5
4927,1971,6,2
4928,3264,19,5
4929,2864,28,5
4930,741,18,1
4931,3366,16,2
4932,3738,4,5
4933,3099,23,1
4934,2736,9,2
4935,3509,4,1
4936,3090,2,1
4937,1748,2,1
4938,2150,14,2
4939,3778,28,1
4940,2256,48,3
4941,1950,46,3
4942,3556,42,5
4943,56,14,2
4944,2858,21,5
4945,3284,14,3
4946,252,15,4
4947,1122,50,3
4948,2082,41,2
4949,65,17,5
4950,933,27,5
4951,1295,41,5
4952,1926,25,4
4953,3738,20,5
4954,3058,21,1
4955,2172,41,1
4956,1193,23,4
4957,255,25,4
4958,3956,44,3
4959,831,36,5
4960,1855,12,2
4961,3528,1,5
4962,1788,1,2
4963,1407,13,5
4964,1722,4,5
4965,992,27,4
4966,2485,18,5
4967,1350,21,3
4968,680,26,1
4969,2879,50,4
4970,2175,2,5
4971,291,24,1
4972,1287,50,4
4973,608,4,4
4974,3396,17,2
4975,3285,11,3
4976,3033,28,5
4977,3212,41,2
4978,1882,33,5
4979,476,7,1
4980,2319,42,4
4981,1421,20,1
4982,1271,49,5
4983,1033,36,1
4984,3627,10,2
4985,283,45,2
4986,1434,32,3
4987,2525,25,2
4988,3297,30,5
4989,3532,37,1
4990,581,36,5
4991,3137,44,5
4992,1272,33,5
4993,3215,3,4
4994,1899,11,4
4995,496,24,1
4996,490,34,1
4997,2699,41,1
4998,2405,9,5
4999,1793,24,5
5000,3173,28,3
5001,3834,4,4
5002,1770,25,1
5003,1712,15,5
5004,3093,11,4
5005,830,9,5
5006,2036,50,4
5007,3177,23,5
5008,257,32,1
5009,2260,3,5
5010,1117,14,4
5011,1760,25,2
5012,2726,15,1
5013,2,44,1
5014,1269,18,1
5015,1265,29,5
5016,1768,47,3
5017,2537,27,2
5018,2837,5,3
5019,1897,25,2
5020,2258,18,3
5021,361,49,3
5022,3935,50,4
5023,3847,22,5
5024,1002,18,1
5025,1892,9,3
5026,3623,23,5
5027,3090,35,3
5028,2874,22,3
5029,1335,26,1
5030,2677,6,1
5031,2864,12,1
5032,1355,25,2
5033,411,22,1
5034,1263,41,2
5035,1820,24,1
5036,2643,24,4
5037,1746,18,2
5038,1127,19,2
5039,2955,12,3
5040,2067,19,4
5041,3385,33,2
5042,918,32,3
5043,677,42,4
5044,3948,1,3
5045,2408,37,4
5046,3389,12,2
5047,3398,1,1
5048,3298,14,3
5049,729,4,5
5050,367,7,3
5051,2977,6,3
5052,232,19,5
5053,3228,29,5
5054,943,28,5
5055,3459,45,1
5056,424,7,3
5057,2714,25,4
5058,2287,18,3
5059,3948,11,4
5060,514,3,1
5061,2381,33,1
5062,3236,15,3
5063,2726,7,1
5064,1436,48,2
5065,3609,47,2
5066,3917,26,2
5067,340,9,2
5068,3911,33,2
5069,2114,16,3
5070,2902,45,1
5071,272,31,4
5072,2762,26,1
5073,457,38,2
5074,1930,33,2
5075,1658,18,3
5076,970,38,3
5077,611,33,5
5078,3130,44,3
5079,1616,28,1
5080,1497,7,5
5081,3933,39,1
5082,430,7,4
5083,3536,7,4
5084,3200,17,3
5085,1768,8,5
5086,432,33,1
5087,150,38,2
5088,174,24,3
5089,2200,49,1
5090,3224,45,4
5091,1545,10,1
5092,2862,34,4
5093,288,50,3
5094,2474,29,4
5095,2079,40,1
5096,3650,18,4
5097,1099,32,4
5098,784,47,4
5099,2876,25,5
5100,3115,20,5
5101,1054,14,5
5102,920,25,1
5103,3030,34,2
5104,2088,12,5
5105,1270,29,3
5106,1227,42,1
5107,3725,12,5
5108,2813,29,1
5109,2438,40,2
5110,2283,40,2
5111,2386,19,2
5112,769,24,3
5113,3686,29,4
5114,3630,43,5
5115,3644,10,4
5116,2268,31,4
5117,2468,39,1
5118,1512,3,2
5119,921,27,4
5120,1004,39,3
5121,560,46,3
5122,1093,43,1
5123,76,3,5
5124,3162,26,4
5125,3547,19,4
5126,449,1,1
5127,3266,39,4
5128,1836,40,3
5129,219,20,3
5130,3541,24,2
5131,1801,16,3
5132,344,1,2
5133,2200,1,4
5134,1808,32,3
5135,1944,33,2
5136,140,32,3
5137,3888,44,2
5138,1079,40,4
5139,3258,38,3
5140,1513,3,1
5141,3429,30,4
5142,107,17,5
5143,1116,41,4
5144,2505,12,2
5145,3057,1,1
5146,1042,35,4
5147,1862,22,5
5148,3947,7,4
5149,1505,29,4
5150,2034,43,4
5151,3601,33,5
5152,3571,32,5
5153,2752,34,4
5154,885,9,1
5155,3551,49,4
5156,1507,25,1
5157,397,39,3
5158,3337,48,5
5159,1500,7,1
5160,153,40,5
5161,3164,7,4
5162,1260,4,1
5163,3353,28,5
5164,757,16,5
5165,3448,48,1
5166,3165,18,1
5167,2859,30,4
5168,3443,5,2
5169,892,23,5
5170,3665,28,1
5171,3249,19,3
5172,125,28,2
5173,3287,44,1
5174,2734,12,5
5175,267,20,1
5176,163,24,3
5177,3643,6,4
5178,816,33,5
5179,317,48,5
5180,1692,5,4
5181,2904,41,4
5182,1482,17,1
5183,3918,4,1
5184,467,19,3
5185,366,22,3
5186,280,41,5
5187,3093,30,1
5188,3252,50,5
5189,2526,27,4
5190,3808,36,1
5191,2854,37,2
5192,3060,34,5
5193,1015,9,2
5194,1493,37,4
5195,1813,20,2
5196,331,45,1
5197,2228,45,2
5198,3728,28,5
5199,3315,31,2
5200,2264,28,3
5201,2951,47,5
5202,196,42,2
5203,3887,39,3
5204,1974,21,1
5205,3696,11,2
5206,3370,26,2
5207,1475,6,3
5208,512,40,1
5209,3833,8,4
5210,1388,34,1
5211,505,50,3
5212,3086,43,2
5213,245,38,1
5214,938,8,1
5215,1750,11,1
5216,3963,49,2
5217,2106,8,1
5218,3324,39,3
5219,665,48,5
5220,3655,49,4
5221,2431,19,3
5222,142,35,1
5223,3813,32,2
5224,3202,34,4
5225,257,5,1
5226,2562,42,5
5227,1014,20,4
5228,2807,41,3
5229,1111,50,1
5230,1094,32,3
5231,1013,22,1
5232,2247,42,2
5233,2608,48,1
5234,3296,49,1
5235,868,31,3
5236,2818,46,2
5237,821,38,5
5238,3130,27,1
5239,620,47,1
5240,2343,41,5
5241,396,3,5
5242,130,49,4
5243,309,26,3
5244,2843,19,1
5245,1932,7,1
5246,1350,21,1
5247,550,4,3
5248,536,6,1
5249,1683,46,4
5250,879,33,5
5251,3644,40,3
5252,2995,49,5
5253,3014,34,5
5254,2086,11,1
5255,3212,37,1
5256,3407,36,2
5257,165,41,2
5258,966,28,4
5259,2570,39,4
5260,1541,3,5
5261,3966,3,5
5262,2142,41,1
5263,3822,7,2
5264,584,32,1
5265,503,49,1
5266,903,26,5
5267,2033,34,4
5268,3363,42,5
5269,1278,14,1
5270,121,28,5
5271,3462,21,4
5272,1248,35,4
5273,3722,37,2
5274,1321,18,2
5275,2705,6,2
5276,2935,45,5
5277,620,50,4
5278,445,40,1
5279,3388,26,1
5280,2472,47,4
5281,3322,2,2
5282,2737,32,2
5283,1671,28,4
5284,2859,21,1
5285,1818,41,1
5286,1979,38,5
5287,1164,46,2
5288,246,48,1
5289,3265,33,4
5290,695,3,2
5291,1404,23,4
5292,2911,31,5
5293,1979,26,3
5294,3688,46,4
5295,513,3,3
5296,2467,42,5
5297,2878,7,5
5298,543,50,3
5299,2849,1,3
5300,1274,28,5
5301,2803,20,5
5302,753,7,1
5303,3515,45,1
5304,1307,13,1
5305,58,3,2
5306,2496,35,3
5307,94,40,5
5308,1150,2,2
5309,1270,3,3
5310,3453,35,5
5311,591,16,3
5312,2898,12,1
5313,496,19,4
5314,3660,43,4
5315,1416,31,1
5316,1792,24,3
5317,2773,19,1
5318,2145,22,3
5319,2576,33,2
5320,2066,27,1
5321,851,41,5
5322,2115,27,4
5323,1640,2,4
5324,2497,15,2
5325,2517,38,2
5326,1629,30,2
5327,3078,42,2
5328,712,2,3
5329,887,34,2
5330,998,41,5
5331,1868,4,1
5332,2832,16,4
5333,2543,12,2
5334,1431,1,4
5335,1601,16,4
5336,3076,20,2
5337,2507,13,3
5338,2299,31,2
5339,1143,32,1
5340,2303,29,2
5341,3113,47,1
5342,2343,34,3
5343,1131,32,5
5344,1438,17,2
5345,956,38,2
5346,2041,48,3
5347,2331,49,5
5348,2677,38,1
5349,3238,1,2
5350,138,19,4
5351,3680,32,4
5352,2222,2,1
5353,549,16,2
5354,2332,42,1
5355,1641,49,4
5356,2697,26,3
5357,3870,43,5
5358,2838,6,4
5359,3773,49,1
5360,793,2,1
5361,201,26,5
5362,1756,10,1
5363,2849,14,1
5364,405,29,1
5365,1503,22,4
5366,3446,39,2
5367,899,23,4
5368,2199,42,4
5369,1330,31,2
5370,1950,30,2
5371,2584,19,5
5372,904,1,4
5373,2357,39,1
5374,3056,47,2
5375,1040,48,3
5376,3902,1,2
5377,1531,24,3
5378,428,14,1
5379,3108,14,3
5380,3932,35,5
5381,1064,22,5
5382,2248,5,4
5383,2229,2,3
5384,1108,14,5
5385,293,33,2
5386,3096,21,3
5387,2921,46,1
5388,573,10,1
5389,3238,24,5
5390,1162,27,2
5391,2474,12,3
5392,2984,32,1
5393,3448,4,4
5394,2736,2,3
5395,1163,2,2
5396,3059,39,5
5397,1670,48,3
5398,1758,10,1
5399,700,22,2
5400,680,33,5
5401,2647,29,1
5402,2689,8,3
5403,3623,5,1
5404,497,23,5
5405,864,50,5
5406,86,15,1
5407,47,11,5
5408,2293,7,5
5409,3461,11,3
5410,1039,21,2
5411,2991,29,3
5412,2011,38,1
5413,2370,11,5
5414,1257,29,4
5415,298,23,1
5416,2290,17,4
5417,1146,23,5
5418,2886,38,2
5419,712,18,2
5420,2700,16,5
5421,3715,27,1
5422,3886,46,2
5423,3904,14,1
5424,2347,38,2
5425,3067,42,1
5426,3751,8,3
5427,3050,40,5
5428,719,17,2
5429,2985,10,1
5430,3632,22,5
5431,3923,44,2
5432,1379,11,5
5433,964,50,4
5434,2094,16,1
5435,3552,50,4
5436,2731,5,1
5437,1925,23,3
5438,2158,10,1
5439,739,31,1
5440,3592,25,2
5441,3091,39,4
5442,1154,42,4
5443,2535,47,1
5444,569,40,3
5445,215,20,4
5446,449,46,1
5447,1292,50,5
5448,1426,22,1
5449,1084,8,1
5450,1850,36,3
5451,1179,31,4
5452,1967,17,2
5453,65,14,3
5454,3229,30,3
5455,308,3,3
5456,2405,19,2
5457,969,44,3
5458,931,50,4
5459,1917,18,3
5460,307,46,2
5461,208,10,1
5462,607,10,5
5463,262,2,4
5464,1036,44,3
5465,2915,34,2
5466,383,48,1
5467,2329,36,3
5468,2995,11,1
5469,3518,47,2
5470,1384,16,3
5471,1730,42,1
5472,2973,9,4
5473,955,17,5
5474,1621,22,1
5475,3530,44,5
5476,2107,13,4
5477,3357,30,4
5478,3473,40,3
5479,2150,6,4
5480,1535,15,4
5481,3419,35,2
5482,3863,47,3
5483,1118,8,3
5484,2975,6,3
5485,41,3,1
5486,3427,2,3
5487,3910,9,2
5488,646,13,2
5489,3254,50,4
5490,3589,23,2
5491,2072,36,5
5492,100,19,5
5493,598,21,3
5494,1072,31,3
5495,945,40,2
5496,3576,2,2
5497,2312,12,5
5498,1484,49,3
5499,464,40,1
5500,1091,32,5
5501,1691,1,2
5502,831,23,5
5503,523,20,5
5504,3008,20,1
5505,3900,46,5
5506,2499,43,1
5507,2684,24,4
5508,1620,22,1
5509,2820,6,2
5510,1666,48,4
5511,634,7,5
5512,2889,46,1
5513,1455,16,2
5514,2970,10,2
5515,1562,20,3
5516,3413,9,1
5517,3895,42,5
5518,3190,40,3
5519,7,13,3
5520,1439,8,5
5521,3583,12,5
5522,3655,26,5
5523,1265,29,5
5524,962,43,5
5525,2484,24,1
5526,3895,33,2
5527,23,36,2
5528,2969,13,3
5529,1628,38,2
5530,540,34,5
5531,1488,35,3
5532,361,26,1
5533,1747,35,5
5534,1868,35,2
5535,2870,31,2
5536,2895,47,2
5537,1725,16,1
5538,850,29,3
5539,3211,25,4
5540,2887,16,1
5541,1022,22,3
5542,3891,5,3
5543,872,10,4
5544,1968,33,2
5545,3021,4,2
5546,2930,28,2
5547,3867,36,3
5548,1812,22,2
5549,2597,49,5
5550,2089,40,3
5551,817,50,1
5552,3886,22,3
5553,3576,46,5
5554,3968,24,3
5555,2728,15,5
5556,354,1,3
5557,3631,34,4
5558,1074,50,2
5559,2932,34,1
5560,1151,7,1
5561,2339,18,4
5562,641,8,2
5563,3003,47,2
5564,468,11,2
5565,2143,19,4
5566,2338,33,3
5567,2982,26,1
5568,3012,25,3
5569,1508,1,4
5570,3322,39,4
5571,2445,42,5
5572,1960,14,3
5573,3885,34,1
5574,402,8,2
5575,2651,4,5
5576,2100,6,2
5577,2547,12,2
5578,3783,26,2
5579,1178,41,1
5580,243,36,5
5581,178,11,5
5582,1520,24,3
5583,3699,48,1
5584,655,17,5
5585,3258,48,5
5586,1038,48,5
5587,625,14,2
5588,3541,38,3
5589,3234,32,4
5590,1638,1,1
5591,2971,48,1
5592,3303,42,4
5593,1073,22,1
5594,3981,21,4
5595,3701,28,4
5596,459,7,4
5597,2871,46,4
5598,3331,48,2
5599,270,26,3
5600,1002,8,4
5601,2318,12,2
5602,3203,47,3
5603,2604,28,1
5604,1715,13,5
5605,1442,19,5
5606,3621,28,2
5607,1206,42,5
5608,556,2,2
5609,2943,33,3
5610,2816,35,5
5611,1637,48,2
5612,1632,13,3
5613,3033,21,5
5614,589,36,3
5615,3004,8,3
5616,3437,18,2
5617,323,30,2
5618,2223,13,3
5619,591,20,3
5620,2010,31,1
5621,3817,49,3
5622,3758,6,3
5623,1031,44,1
5624,849,44,2
5625,3455,32,2
5626,206,22,5
5627,467,40,4
5628,1064,29,5
5629,3573,15,1
5630,316,12,4
5631,1841,47,5
5632,3555,28,1
5633,335,12,4
5634,1687,23,5
5635,298,31,1
5636,1755,6,3
5637,3056,34,4
5638,1403,47,2
5639,2125,8,1
5640,2911,4,3
5641,1941,21,2
5642,1085,17,2
5643,644,28,4
5644,3637,21,1
5645,788,47,4
5646,3216,17,4
5647,2865,21,1
5648,299,6,4
5649,2981,45,2
5650,238,22,5
5651,3387,9,2
5652,3539,44,5
5653,2299,9,2
5654,1145,38,1
5655,661,9,4
5656,205,13,5
5657,3397,44,1
5658,307,16,3
5659,2016,11,1
5660,582,34,1
5661,2841,3,2
5662,2217,43,3
5663,1512,25,5
5664,380,4,5
5665,3687,30,5
5666,3030,13,4
5667,2588,27,5
5668,1304,13,3
5669,2267,40,1
5670,3977,20,1
5671,1624,36,2
5672,2763,33,2
5673,3486,19,4
5674,3641,16,2
5675,3020,34,4
5676,2036,31,4
5677,2311,39,1
5678,2534,26,3
5679,1767,31,2
5680,3422,5,4
5681,260,44,5
5682,3755,48,4
5683,2149,32,5
5684,3768,25,2
5685,3950,4,5
5686,1155,2,3
5687,2898,18,4
5688,2701,14,5
5689,1751,12,2
5690,1149,45,2
5691,679,41,1
5692,2194,50,3
5693,3305,18,5
5694,1429,9,4
5695,1798,21,1
5696,2267,6,2
5697,593,17,4
5698,1313,11,3
5699,2994,8,4
5700,1037,30,2
5701,2191,32,5
5702,60,7,2
5703,211,46,4
5704,3421,30,2
5705,885,42,4
5706,3834,33,4
5707,2533,16,5
5708,1620,8,4
5709,3908,11,3
5710,696,4,4
5711,416,11,4
5712,3851,14,1
5713,2445,27,2
5714,1388,13,5
5715,621,38,2
5716,1951,39,1
5717,3472,1,3
5718,2075,41,3
5719,860,29,3
5720,1841,49,3
5721,1358,16,5
5722,795,16,4
5723,3022,10,2
5724,3842,3,3
5725,3688,5,5
5726,1371,44,4
5727,2576,1,1
5728,2977,35,2
5729,3419,7,1
5730,3473,23,4
5731,3836,3,2
5732,3910,9,1
5733,846,12,1
5734,1438,18,1
5735,2771,15,5
5736,2461,47,2
5737,3265,45,3
5738,174,37,5
5739,3835,8,2
5740,1185,44,1
5741,2870,42,3
5742,1225,8,3
5743,3871,34,5
5744,164,9,2
5745,2286,4,1
5746,3344,27,1
5747,3802,47,1
5748,942,12,3
5749,1420,2,4
5750,1963,45,2
5751,964,10,1
5752,1036,44,4
5753,530,50,1
5754,3251,46,1
5755,3441,12,1
5756,693,24,1
5757,1750,8,1
5758,2007,7,1
5759,319,8,3
5760,594,2,2
5761,930,23,5
5762,3715,18,1
5763,140,42,3
5764,3413,44,5
5765,391,43,5
5766,1608,9,4
5767,3403,10,3
5768,2024,25,3
5769,3916,47,1
5770,3917,15,3
5771,3928,8,5
5772,169,29,4
5773,936,32,5
5774,1927,30,3
5775,324,2,4
5776,1965,25,4
5777,2020,12,5
5778,3996,24,2
5779,2408,1,5
5780,1234,45,3
5781,3761,18,2
5782,2622,42,4
5783,1264,40,5
5784,784,23,1
5785,465,21,1
5786,2368,9,2
5787,1347,47,1
5788,34,37,2
5789,1646,25,4
5790,188,23,1
5791,846,37,4
5792,3804,44,1
5793,889,25,5
5794,715,44,5
5795,3615,43,5
5796,1046,47,2
5797,2618,40,2
5798,547,17,5
5799,72,9,3
5800,956,20,4
5801,2486,13,5
5802,2720,40,5
5803,906,30,2
5804,827,32,2
5805,1166,4,4
5806,58,38,1
5807,866,47,2
5808,3348,2,1
5809,3424,30,5
5810,905,13,5
5811,470,4,1
5812,2966,25,2
5813,81,32,1
5814,2462,17,1
5815,3518,17,2
5816,1276,37,4
5817,815,18,5
5818,2468,44,3
5819,2963,45,1
5820,3782,4,3
5821,3139,12,3
5822,1244,7,3
5823,1480,7,3
5824,3984,31,5
5825,2657,3,5
5826,3682,6,3
5827,2679,4,3
5828,2377,31,2
5829,3263,8,2
5830,91,24,2
5831,810,19,1
5832,28,34,3
5833,1970,13,3
5834,602,33,4
5835,2923,45,3
5836,1649,25,2
5837,1956,50,3
5838,365,2,2
5839,1410,32,1
5840,3638,26,2
5841,266,5,3
5842,3949,39,4
5843,2699,18,2
5844,2891,23,5
5845,942,28,4
5846,2016,46,3
5847,1076,25,2
5848,2229,41,3
5849,2960,5,1
5850,3181,1,3
5851,2574,36,1
5852,50,26,1
5853,879,48,3
5854,2722,22,3
5855,2367,34,5
5856,295,20,1
5857,3211,14,1
5858,3003,2,3
5859,701,16,4
5860,2550,31,1
5861,3401,11,1
5862,2669,3,4
5863,1148,6,5
5864,1950,45,2
5865,694,2,1
5866,24,29,2
5867,3745,45,3
5868,3013,18,4
5869,50,2,2
5870,680,42,5
5871,342,30,5
5872,2631,26,5
5873,2354,48,4
5874,224,34,2
5875,1046,37,4
5876,2538,19,5
5877,329,13,1
5878,2992,42,1
5879,769,31,3
5880,848,49,5
5881,1427,13,2
5882,2347,48,4
5883,187,25,2
5884,2900,2,4
5885,1046,30,5
5886,3138,9,2
5887,1442,17,2
5888,1699,46,5
5889,1835,30,1
5890,1766,24,2
5891,599,42,5
5892,3950,48,3
5893,2003,25,3
5894,2689,38,4
5895,2055,40,2
5896,2994,44,3
5897,3955,11,4
5898,2694,27,4
5899,1090,10,3
5900,3643,7,2
5901,1442,8,1
5902,3192,18,3
5903,3502,37,3
5904,2543,15,4
5905,1604,34,5
5906,145,38,4
5907,3868,14,4
5908,1863,24,2
5909,2408,45,2
5910,180,49,1
5911,3309,23,4
5912,2842,6,2
5913,1838,7,5
5914,3339,25,2
5915,1423,7,3
5916,3795,25,4
5917,3251,5,2
5918,3445,4,1
5919,365,32,5
5920,3599,33,1
5921,2054,37,4
5922,3771,21,5
5923,1221,5,5
5924,2979,5,4
5925,3796,16,4
5926,153,44,5
5927,3472,6,3
5928,2185,47,3
5929,3223,11,1
5930,1,47,1
5931,1750,23,2
5932,3161,25,3
5933,2196,41,3
5934,2572,35,4
5935,1496,37,4
5936,120,20,3
5937,3698,25,4
5938,1959,22,2
5939,229,36,3
5940,1294,27,3
5941,3623,25,1
5942,105,2,3
5943,346,4,1
5944,285,4,1
5945,2274,7,2
5946,2086,16,3
5947,675,13,2
5948,2375,10,3
5949,2002,46,4
5950,2224,14,3
5951,3594,5,2
5952,3401,28,5
5953,1905,16,3
5954,3298,22,2
5955,3122,31,1
5956,1198,17,1
5957,3133,17,4
5958,3714,22,5
5959,2380,29,1
5960,351,41,2
5961,3834,18,4
5962,3078,17,2
5963,2197,35,4
5964,2229,7,1
5965,2995,28,5
5966,2867,33,3
5967,2391,33,1
5968,743,4,5
5969,501,34,3
5970,458,35,4
5971,597,17,2
5972,3550,31,5
5973,409,17,1
5974,462,20,1
5975,2879,39,3
5976,936,39,3
5977,1704,30,2
5978,1013,17,3
5979,1458,35,2
5980,3099,46,3
5981,1597,38,3
5982,553,17,4
5983,3754,41,5
5984,698,31,1
5985,1905,8,2
5986,3213,11,3
5987,2230,18,1
5988,3080,45,3
5989,3732,14,5
5990,3574,4,1
5991,2405,15,5
5992,1206,6,1
5993,3507,35,4
5994,3007,27,1
5995,2447,16,5
5996,1793,40,5
5997,2844,6,1
5998,3620,18,4
5999,818,33,1
6000,2802,18,2
